{
  "object": "Landau optimal permutation profiles",
  "generatedAt": "2026-06-12T18:06:54.358Z",
  "ranges": [
    {
      "N": 1000,
      "real": {
        "avgHoles": 0.5289421157684631,
        "maxHoles": 3,
        "maxHoleRun": 3,
        "avgSlack": 1.3852295409181636,
        "maxSlack": 5,
        "exchangeShieldViolations": 0,
        "avgFrontierBase": 74.88023952095809,
        "sample": [
          {
            "n": 500,
            "length": 500,
            "slack": 0,
            "logG": 54.927489240528544,
            "partCount": 17,
            "maxBase": 61,
            "holes": 1,
            "maxHoleRun": 1,
            "parts": [
              7,
              11,
              13,
              16,
              17,
              19,
              23,
              25,
              27,
              29,
              31,
              37,
              41,
              43,
              47,
              53,
              61
            ]
          },
          {
            "n": 750,
            "length": 750,
            "slack": 0,
            "logG": 70.15342070958083,
            "partCount": 21,
            "maxBase": 73,
            "holes": 0,
            "maxHoleRun": 0,
            "parts": [
              5,
              7,
              11,
              13,
              16,
              17,
              19,
              23,
              27,
              29,
              31,
              37,
              41,
              43,
              47,
              53,
              59,
              61,
              67,
              71,
              73
            ]
          },
          {
            "n": 1000,
            "length": 1000,
            "slack": 0,
            "logG": 83.30939292915893,
            "partCount": 23,
            "maxBase": 89,
            "holes": 1,
            "maxHoleRun": 1,
            "parts": [
              11,
              13,
              17,
              19,
              23,
              25,
              27,
              29,
              31,
              32,
              37,
              41,
              43,
              47,
              49,
              53,
              59,
              61,
              67,
              71,
              73,
              83,
              89
            ]
          }
        ],
        "worstHoles": [
          {
            "n": 510,
            "slack": 0,
            "maxBase": 71,
            "holes": 3,
            "maxHoleRun": 3,
            "parts": [
              7,
              11,
              13,
              16,
              17,
              19,
              23,
              25,
              27,
              29,
              31,
              37,
              41,
              43,
              47,
              53,
              71
            ]
          },
          {
            "n": 511,
            "slack": 1,
            "maxBase": 71,
            "holes": 3,
            "maxHoleRun": 3,
            "parts": [
              7,
              11,
              13,
              16,
              17,
              19,
              23,
              25,
              27,
              29,
              31,
              37,
              41,
              43,
              47,
              53,
              71
            ]
          },
          {
            "n": 569,
            "slack": 0,
            "maxBase": 71,
            "holes": 2,
            "maxHoleRun": 2,
            "parts": [
              7,
              11,
              13,
              16,
              17,
              19,
              23,
              25,
              27,
              29,
              31,
              37,
              41,
              43,
              47,
              53,
              59,
              71
            ]
          }
        ]
      },
      "cramer": [
        {
          "seed": 12345,
          "avgHoles": 0.6506986027944112,
          "maxHoles": 3,
          "maxHoleRun": 3,
          "avgSlack": 1.1656686626746506,
          "maxSlack": 7,
          "exchangeShieldViolations": 0,
          "avgFrontierBase": 80.6566866267465
        },
        {
          "seed": 271828,
          "avgHoles": 0.6367265469061876,
          "maxHoles": 4,
          "maxHoleRun": 3,
          "avgSlack": 0.9520958083832335,
          "maxSlack": 5,
          "exchangeShieldViolations": 0,
          "avgFrontierBase": 68.48502994011976
        },
        {
          "seed": 314159,
          "avgHoles": 0.4411177644710579,
          "maxHoles": 3,
          "maxHoleRun": 3,
          "avgSlack": 1.467065868263473,
          "maxSlack": 5,
          "exchangeShieldViolations": 0,
          "avgFrontierBase": 67.92614770459082
        },
        {
          "seed": 161803,
          "avgHoles": 0.6007984031936128,
          "maxHoles": 4,
          "maxHoleRun": 4,
          "avgSlack": 1.4191616766467066,
          "maxSlack": 9,
          "exchangeShieldViolations": 0,
          "avgFrontierBase": 78.04590818363273
        },
        {
          "seed": 424242,
          "avgHoles": 0.6227544910179641,
          "maxHoles": 3,
          "maxHoleRun": 3,
          "avgSlack": 0.9660678642714571,
          "maxSlack": 5,
          "exchangeShieldViolations": 0,
          "avgFrontierBase": 68.8003992015968
        }
      ]
    },
    {
      "N": 5000,
      "real": {
        "avgHoles": 1.065173930427829,
        "maxHoles": 4,
        "maxHoleRun": 4,
        "avgSlack": 1.7049180327868851,
        "maxSlack": 11,
        "exchangeShieldViolations": 0,
        "avgFrontierBase": 191.49340263894442,
        "sample": [
          {
            "n": 2500,
            "length": 2499,
            "slack": 1,
            "logG": 142.64077777722864,
            "partCount": 36,
            "maxBase": 163,
            "holes": 2,
            "maxHoleRun": 1,
            "parts": [
              7,
              11,
              13,
              16,
              17,
              19,
              23,
              25,
              27,
              29,
              31,
              37,
              41,
              43,
              47,
              53,
              59,
              61,
              67,
              71,
              73,
              79,
              83,
              89,
              97,
              101,
              103,
              107,
              109,
              113,
              127,
              131,
              137,
              139,
              151,
              163
            ]
          },
          {
            "n": 3750,
            "length": 3750,
            "slack": 0,
            "logG": 180.62051486728453,
            "partCount": 43,
            "maxBase": 193,
            "holes": 1,
            "maxHoleRun": 1,
            "parts": [
              11,
              13,
              16,
              17,
              19,
              23,
              25,
              27,
              29,
              31,
              37,
              41,
              43,
              47,
              49,
              53,
              59,
              61,
              67,
              71,
              73,
              79,
              83,
              89,
              97,
              101,
              103,
              107,
              109,
              113,
              127,
              131,
              137,
              139,
              149,
              151,
              157,
              163,
              167,
              173,
              179,
              191,
              193
            ]
          },
          {
            "n": 5000,
            "length": 5000,
            "slack": 0,
            "logG": 212.63213904260883,
            "partCount": 49,
            "maxBase": 233,
            "holes": 2,
            "maxHoleRun": 2,