feature,key,L,eta,split,distinct_h,cell_count,mean_z,std_z
v2,0,256,0.4396908254015113,train,129,129,0.0015477418842765323,0.0370716923592327
v2,0,256,0.4396908254015113,holdout,128,128,0.0032413209257679183,0.041755074922004747
v2,0,512,0.4946521785767002,train,129,129,-0.001549563160918642,0.039659923864641296
v2,0,512,0.4946521785767002,holdout,128,128,0.00024316238802822923,0.040907496651141746
v2,0,1024,0.5496135317518891,train,129,129,-0.002243283423595622,0.055996583252895436
v2,0,1024,0.5496135317518891,holdout,128,128,0.0005986461900684924,0.05763750572087749
v2,0,2048,0.604574884927078,train,129,129,-0.003100385113240194,0.07948880668175255
v2,0,2048,0.604574884927078,holdout,128,128,0.0008910498427283033,0.08120090366513609
v2,0,4096,0.6595362381022669,train,129,129,-0.004378906145221424,0.11291451179481508
v2,0,4096,0.6595362381022669,holdout,128,128,0.0014226048875432534,0.11522604295711536
v2,0,8192,0.7144975912774558,train,129,129,-0.006942866842510199,0.16120439176158594
v2,0,8192,0.7144975912774558,holdout,128,128,0.0022381780740168347,0.16392775833228554
v2,1,256,0.4396908254015113,train,63,63,-0.0010902540766021995,0.039304344896243
v2,1,256,0.4396908254015113,holdout,64,64,-0.008072472269624573,0.03850901850591361
v2,1,512,0.4946521785767002,train,63,63,0.000551602766493371,0.0335414780731095
v2,1,512,0.4946521785767002,holdout,64,64,-0.0005004895753590713,0.035781587716376004
v2,1,1024,0.5496135317518891,train,63,63,0.0006064497716894964,0.047775342357025935
v2,1,1024,0.5496135317518891,holdout,64,64,-0.0005167085830479457,0.05061650287877465
v2,1,2048,0.604574884927078,train,63,63,0.0013668301182729685,0.06811515638809505
v2,1,2048,0.604574884927078,holdout,64,64,-0.0011093629866191163,0.07147576545161925
v2,1,4096,0.6595362381022669,train,63,63,0.002335125226561212,0.09659449094144719
v2,1,4096,0.6595362381022669,holdout,64,64,-0.0025030749891868515,0.10184373911077099
v2,1,8192,0.7144975912774558,train,63,63,0.003181340555150432,0.13763125346754135
v2,1,8192,0.7144975912774558,holdout,64,64,-0.004066881620825191,0.14439221365496777
v2,2,256,0.4396908254015113,train,32,32,0.00018664675767918085,0.04687850005257187
v2,2,256,0.4396908254015113,holdout,32,32,0.004706164675767918,0.04251450218860959
v2,2,512,0.4946521785767002,train,32,32,0.000486324776056442,0.042848514474981655
v2,2,512,0.4946521785767002,holdout,32,32,0.0021436062944624242,0.045554714928261734
v2,2,1024,0.5496135317518891,train,32,32,0.0006421232876712337,0.06034603550079818
v2,2,1024,0.5496135317518891,holdout,32,32,0.003120317851027397,0.06452756541676899
v2,2,2048,0.604574884927078,train,32,32,0.0012719113600595782,0.08520636666396947
v2,2,2048,0.604574884927078,holdout,32,32,0.003630642501662549,0.09096003752881843
v2,2,4096,0.6595362381022669,train,32,32,0.0025326421929065743,0.12147541291841571
v2,2,4096,0.6595362381022669,holdout,32,32,0.006394963775951556,0.12795990274023683
v2,2,8192,0.7144975912774558,train,32,32,0.004925808957484402,0.17313425795401605
v2,2,8192,0.7144975912774558,holdout,32,32,0.009963072520007834,0.18038880804860782
v2,3,256,0.4396908254015113,train,16,16,-0.0009865614334470993,0.051289544655338304
v2,3,256,0.4396908254015113,holdout,16,16,0.013385238907849827,0.02964362226244896
v2,3,512,0.4946521785767002,train,16,16,0.002851846259593174,0.052757267748526994
v2,3,512,0.4946521785767002,holdout,16,16,0.017384930344076302,0.040445373609002334
v2,3,1024,0.5496135317518891,train,16,16,0.004086847174657534,0.07509157553747532
v2,3,1024,0.5496135317518891,holdout,16,16,0.02399266909246575,0.05815983036650815
v2,3,2048,0.604574884927078,train,16,16,0.005775806437285421,0.10669004247348948
v2,3,2048,0.604574884927078,holdout,16,16,0.03444127141773233,0.08245365997727488
v2,3,4096,0.6595362381022669,train,16,16,0.008140273572664353,0.15148439964931304
v2,3,4096,0.6595362381022669,holdout,16,16,0.04901059688581315,0.11820736890373544
v2,3,8192,0.7144975912774558,train,16,16,0.014014205120555717,0.21772464294889718
v2,3,8192,0.7144975912774558,holdout,16,16,0.06812541586698931,0.16985804075461353
v2,4,256,0.4396908254015113,train,8,8,0.008132465870307169,0.03370373464514663
v2,4,256,0.4396908254015113,holdout,8,8,0.018957977815699665,0.060668708816768925
v2,4,512,0.4946521785767002,train,8,8,0.0004155007795433874,0.03172141506484414
v2,4,512,0.4946521785767002,holdout,8,8,0.005986988505238659,0.04908732960954115
v2,4,1024,0.5496135317518891,train,8,8,0.000321061643835616,0.04482509553626855
v2,4,1024,0.5496135317518891,holdout,8,8,0.008468000856164386,0.07033369468129644
v2,4,2048,0.604574884927078,train,8,8,-0.00020882126806946212,0.06315156632243794
v2,4,2048,0.604574884927078,holdout,8,8,0.013032345502699837,0.09982566044912469
v2,4,4096,0.6595362381022669,train,8,8,-0.0004663170415224911,0.09000215650112872
v2,4,4096,0.6595362381022669,holdout,8,8,0.01970020544982699,0.13980186013109966
v2,4,8192,0.7144975912774558,train,8,8,-0.00007268778589495165,0.12727258387212373
v2,4,8192,0.7144975912774558,holdout,8,8,0.03679940307244128,0.1963276836367887
v2,5,256,0.4396908254015113,train,4,4,-0.004266211604095562,0.009664326904254771
v2,5,256,0.4396908254015113,holdout,4,4,0.006665955631399317,0.02019243140685617
v2,5,512,0.4946521785767002,train,4,4,-0.013787071321212064,0.02058369130404213
v2,5,512,0.4946521785767002,holdout,4,4,-0.0038150526121710293,0.030536965386597944
v2,5,1024,0.5496135317518891,train,4,4,-0.018648330479452056,0.028148421693361583
v2,5,1024,0.5496135317518891,holdout,4,4,-0.0067155393835616455,0.04496929691429006
v2,5,2048,0.604574884927078,train,4,4,-0.025419243449548594,0.038696933078304546
v2,5,2048,0.604574884927078,holdout,4,4,-0.012092649796387231,0.06547427781702968
v2,5,4096,0.6595362381022669,train,4,4,-0.03533196366782007,0.05515231496481681
v2,5,4096,0.6595362381022669,holdout,4,4,-0.017260488754325256,0.09149820000808784
v2,5,8192,0.7144975912774558,train,4,4,-0.04594837239042525,0.08307658112972138
v2,5,8192,0.7144975912774558,holdout,4,4,-0.025450416768035566,0.12303177410010051
v2,6,256,0.4396908254015113,train,2,2,-0.03455631399317406,0.0521883417855259
v2,6,256,0.4396908254015113,holdout,2,2,-0.029436860068259386,0.07179667829453854
v2,6,512,0.4946521785767002,train,2,2,-0.020472856592046427,0.0020299145299145682
v2,6,512,0.4946521785767002,holdout,2,2,-0.024703409983760798,0.04049145299145298
v2,6,1024,0.5496135317518891,train,2,2,-0.028895547945205477,0.001967548834637226
v2,6,1024,0.5496135317518891,holdout,2,2,-0.03590539383561644,0.05834539044251157
v2,6,2048,0.604574884927078,train,2,2,-0.04142254608432794,0.0042418384879724345
v2,6,2048,0.604574884927078,holdout,2,2,-0.051256129435236164,0.0793599656357388
v2,6,4096,0.6595362381022669,train,2,2,-0.056850129757785466,0.009748714814152765
v2,6,4096,0.6595362381022669,holdout,2,2,-0.06847426470588235,0.10838277058087491
v2,6,8192,0.7144975912774558,train,2,2,-0.0819336722608425,0.015158991228070127
v2,6,8192,0.7144975912774558,holdout,2,2,-0.10182105048171436,0.15726425438596497
v2,7,256,0.4396908254015113,train,1,1,-0.07551194539249147,0
v2,7,256,0.4396908254015113,holdout,1,1,-0.06079351535836178,0
v2,7,512,0.4946521785767002,train,1,1,-0.0459317225386134,0
v2,7,512,0.4946521785767002,holdout,1,1,-0.04306098987995002,0
v2,7,1024,0.5496135317518891,train,1,1,-0.061964897260273974,0
v2,7,1024,0.5496135317518891,holdout,1,1,-0.061215753424657536,0
v2,7,2048,0.604574884927078,train,1,1,-0.084971272352636,0
v2,7,2048,0.604574884927078,holdout,1,1,-0.08512314236577762,0
v2,7,4096,0.6595362381022669,train,1,1,-0.12445934256055363,0
v2,7,4096,0.6595362381022669,holdout,1,1,-0.11721453287197232,0
v2,7,8192,0.7144975912774558,train,1,1,-0.18142871359391696,0
v2,7,8192,0.7144975912774558,holdout,1,1,-0.17154317471219682,0
v2,8,256,0.4396908254015113,train,1,1,-0.05247440273037542,0
v2,8,512,0.4946521785767002,train,1,1,-0.0273475058535823,0
v2,8,1024,0.5496135317518891,train,1,1,-0.039383561643835614,0
v2,8,2048,0.604574884927078,train,1,1,-0.05330637461264556,0
v2,8,4096,0.6595362381022669,train,1,1,-0.08109861591695501,0
v2,8,8192,0.7144975912774558,train,1,1,-0.12727146724974964,0
v2,9,256,0.4396908254015113,holdout,1,1,-0.02666382252559727,0
v2,9,512,0.4946521785767002,holdout,1,1,-0.00604364770244912,0
v2,9,1024,0.5496135317518891,holdout,1,1,-0.007384417808219178,0
v2,9,2048,0.604574884927078,holdout,1,1,-0.008656590749062106,0
v2,9,4096,0.6595362381022669,holdout,1,1,-0.01676038062283737,0
v2,9,8192,0.7144975912774558,holdout,1,1,-0.03264166171924748,0
omega,0,256,0.4396908254015113,train,1,1,0.022397610921501707,0
omega,0,512,0.4946521785767002,train,1,1,-0.030369329704806856,0
omega,0,1024,0.5496135317518891,train,1,1,-0.04398544520547945,0
omega,0,2048,0.604574884927078,train,1,1,-0.06644313074938028,0
omega,0,4096,0.6595362381022669,train,1,1,-0.09985942906574395,0
omega,0,8192,0.7144975912774558,train,1,1,-0.16390611134082916,0
omega,1,256,0.4396908254015113,train,70,70,0.0004784251584592882,0.04163139174567664
omega,1,256,0.4396908254015113,holdout,47,47,0.0028320383414421613,0.04166624282658289
omega,1,512,0.4946521785767002,train,70,70,0.0007122870506457921,0.03878773157826535
omega,1,512,0.4946521785767002,holdout,47,47,-0.0013341030832533926,0.0368160233589344
omega,1,1024,0.5496135317518891,train,70,70,0.0006497676125244655,0.054799453066298576
omega,1,1024,0.5496135317518891,holdout,47,47,-0.0013275102011075495,0.05208560613511097
omega,1,2048,0.604574884927078,train,70,70,0.0003731663180046708,0.07774324710622883
omega,1,2048,0.604574884927078,holdout,47,47,-0.0018240557961349594,0.07343608778925502
omega,1,4096,0.6595362381022669,train,70,70,-0.00034833786455757836,0.11046644668744768
omega,1,4096,0.6595362381022669,holdout,47,47,-0.0018681440035338299,0.10400106285364848
omega,1,8192,0.7144975912774558,train,70,70,-0.001736199685949099,0.15655137003237402
omega,1,8192,0.7144975912774558,holdout,47,47,-0.0023350822339715653,0.14745958826044972
omega,2,256,0.4396908254015113,train,141,141,0.002785140270617001,0.038912841232786724
omega,2,256,0.4396908254015113,holdout,131,131,0.00014329260349633843,0.04185107454509898
omega,2,512,0.4946521785767002,train,141,141,-0.00020788433586439118,0.04023793602055114
omega,2,512,0.4946521785767002,holdout,131,131,0.0027819233317380337,0.042480503750059094
omega,2,1024,0.5496135317518891,train,141,141,-0.00002960142815505688,0.05688920540796071
omega,2,1024,0.5496135317518891,holdout,131,131,0.003932800899299383,0.05979782955618612
omega,2,2048,0.604574884927078,train,141,141,0.00040067833254337046,0.08071738485427438
omega,2,2048,0.604574884927078,holdout,131,131,0.005429063141537142,0.08421647940909889
omega,2,4096,0.6595362381022669,train,141,141,0.0009528608064001585,0.11479815664558411
omega,2,4096,0.6595362381022669,holdout,131,131,0.007563013418209678,0.11919149605412686
omega,2,8192,0.7144975912774558,train,141,141,0.0012886530590632984,0.16465259392041082
omega,2,8192,0.7144975912774558,holdout,131,131,0.010717397878771589,0.16984764786116963
omega,3,256,0.4396908254015113,train,43,43,-0.008795340900071435,0.03647951980351428
omega,3,256,0.4396908254015113,holdout,73,73,0.0053269203796343905,0.038855653594852754
omega,3,512,0.4946521785767002,train,43,43,-0.005270622996321905,0.03423562026618637
omega,3,512,0.4946521785767002,holdout,73,73,0.0018317219920094008,0.03822077905581375
omega,3,1024,0.5496135317518891,train,43,43,-0.00806885154507805,0.04853717215714725
omega,3,1024,0.5496135317518891,holdout,73,73,0.0027605437230249575,0.05453762514436899
omega,3,2048,0.604574884927078,train,43,43,-0.010639730571827648,0.06902494326777948
omega,3,2048,0.604574884927078,holdout,73,73,0.0037332977887988474,0.07714648293520754
omega,3,4096,0.6595362381022669,train,43,43,-0.01382574233523779,0.09793650085127255
omega,3,4096,0.6595362381022669,holdout,73,73,0.005636168649571027,0.10953724199781817
omega,3,8192,0.7144975912774558,train,43,43,-0.017465804355272074,0.1394557482269948
omega,3,8192,0.7144975912774558,holdout,73,73,0.008329555592789443,0.15462217515580393
omega,4,256,0.4396908254015113,train,1,1,-0.09833617747440274,0
omega,4,256,0.4396908254015113,holdout,5,5,-0.049146757679180884,0.03041662275258624
omega,4,512,0.4946521785767002,train,1,1,-0.03354224474859261,0
omega,4,512,0.4946521785767002,holdout,5,5,-0.031094567429100738,0.02965882009813536
omega,4,1024,0.5496135317518891,train,1,1,-0.0467679794520548,0
omega,4,1024,0.5496135317518891,holdout,5,5,-0.0453125,0.04247540251795117
omega,4,2048,0.604574884927078,train,1,1,-0.06386134052597577,0
omega,4,2048,0.604574884927078,holdout,5,5,-0.06562303267841652,0.062355042187062754
omega,4,4096,0.6595362381022669,train,1,1,-0.08639705882352941,0
omega,4,4096,0.6595362381022669,holdout,5,5,-0.09721020761245674,0.09091700227980279
omega,4,8192,0.7144975912774558,train,1,1,-0.11552512104911802,0
omega,4,8192,0.7144975912774558,holdout,5,5,-0.13649797020602156,0.12857407877721064
bigomega,0,256,0.4396908254015113,train,1,1,0.022397610921501707,0
bigomega,0,512,0.4946521785767002,train,1,1,-0.030369329704806856,0
bigomega,0,1024,0.5496135317518891,train,1,1,-0.04398544520547945,0
bigomega,0,2048,0.604574884927078,train,1,1,-0.06644313074938028,0
bigomega,0,4096,0.6595362381022669,train,1,1,-0.09985942906574395,0
bigomega,0,8192,0.7144975912774558,train,1,1,-0.16390611134082916,0
bigomega,1,256,0.4396908254015113,train,54,54,0.000801889773732777,0.04044595081203933
bigomega,1,256,0.4396908254015113,holdout,43,43,0.005174021747757759,0.04123010802077736
bigomega,1,512,0.4946521785767002,train,54,54,-0.0024874087071654004,0.04085813129856919
bigomega,1,512,0.4946521785767002,holdout,43,43,-0.0006535572515439099,0.03679953121918498
bigomega,1,1024,0.5496135317518891,train,54,54,-0.0038388666920344985,0.05779552703793063
bigomega,1,1024,0.5496135317518891,holdout,43,43,-0.0004405264415418928,0.05203374138680946
bigomega,1,2048,0.604574884927078,train,54,54,-0.005754186053470149,0.08218964468760664
bigomega,1,2048,0.604574884927078,holdout,43,43,-0.0005368428371511398,0.07327048077713955
bigomega,1,4096,0.6595362381022669,train,54,54,-0.008840750352428548,0.11664934947807806
bigomega,1,4096,0.6595362381022669,holdout,43,43,0.00022632171883801166,0.1037076290659063
bigomega,1,8192,0.7144975912774558,train,54,54,-0.013337221593652193,0.16559233549205896
bigomega,1,8192,0.7144975912774558,holdout,43,43,0.0009466316302604089,0.14731212067754956
bigomega,2,256,0.4396908254015113,train,82,82,-0.0026351660700907353,0.033893167891508286
bigomega,2,256,0.4396908254015113,holdout,75,75,-0.0012457337883959039,0.04328331465723421
bigomega,2,512,0.4946521785767002,train,82,82,-0.0005361894760404586,0.0384848272295885
bigomega,2,512,0.4946521785767002,holdout,75,75,-0.0004109680437665346,0.045449186978854215
bigomega,2,1024,0.5496135317518891,train,82,82,-0.0006329873872368869,0.054452202502296376
bigomega,2,1024,0.5496135317518891,holdout,75,75,-0.00033818493150685125,0.06385962415111766
bigomega,2,2048,0.604574884927078,train,82,82,-0.0006769328024780163,0.07732069446563371
bigomega,2,2048,0.604574884927078,holdout,75,75,-0.0004282734370588625,0.08985763661515649
bigomega,2,4096,0.6595362381022669,train,82,82,-0.0005802177398936652,0.10995891831450343
bigomega,2,4096,0.6595362381022669,holdout,75,75,-0.0010950115340253727,0.12769827023679994
bigomega,2,8192,0.7144975912774558,train,82,82,-0.001955360536336341,0.15806742134278573
bigomega,2,8192,0.7144975912774558,holdout,75,75,-0.0028217075427612267,0.18246127098668813
bigomega,3,256,0.4396908254015113,train,60,60,0.002584613196814562,0.04070182282107495
bigomega,3,256,0.4396908254015113,holdout,65,65,0.0007121291677605665,0.03676298696179222
bigomega,3,512,0.4946521785767002,train,60,60,-0.0011558476230934004,0.036361078335246766
bigomega,3,512,0.4946521785767002,holdout,65,65,-0.0006020402903593564,0.03553725286115019
bigomega,3,1024,0.5496135317518891,train,60,60,-0.0015535816210045684,0.05108096999931306
bigomega,3,1024,0.5496135317518891,holdout,65,65,-0.0006865779768177036,0.050149012190338925
bigomega,3,2048,0.604574884927078,train,60,60,-0.0017338493166981091,0.07233940903277343
bigomega,3,2048,0.604574884927078,holdout,65,65,-0.0012254741829643909,0.0707046610878949
bigomega,3,4096,0.6595362381022669,train,60,60,-0.002095047577854667,0.10336309444470435
bigomega,3,4096,0.6595362381022669,holdout,65,65,-0.0016103273888740987,0.10046967689698894
bigomega,3,8192,0.7144975912774558,train,60,60,-0.0023260091486399554,0.14779940221251708
bigomega,3,8192,0.7144975912774558,holdout,65,65,-0.0005779238115466994,0.14187247787057092
bigomega,4,256,0.4396908254015113,train,34,34,0.0019260690624372612,0.04608087514849563
bigomega,4,256,0.4396908254015113,holdout,37,37,-0.007759892998800849,0.038712861882705084
bigomega,4,512,0.4946521785767002,train,34,34,0.0018264258865489554,0.04493457959491465
bigomega,4,512,0.4946521785767002,holdout,37,37,0.002931985844836797,0.038825283163509396
bigomega,4,1024,0.5496135317518891,train,34,34,0.002215954875100727,0.06398839794279643
bigomega,4,1024,0.5496135317518891,holdout,37,37,0.003982899851906703,0.05543349955950836
bigomega,4,2048,0.604574884927078,train,34,34,0.004098256972272713,0.09075035248458861
bigomega,4,2048,0.604574884927078,holdout,37,37,0.005063017870539641,0.07912449355438853
bigomega,4,4096,0.6595362381022669,train,34,34,0.006864759312029309,0.1281137767397771
bigomega,4,4096,0.6595362381022669,holdout,37,37,0.0071366782006920424,0.1120705437948395
bigomega,4,8192,0.7144975912774558,train,34,34,0.011867207460315967,0.18181648993383057
bigomega,4,8192,0.7144975912774558,holdout,37,37,0.01005213142885216,0.15825213238600302
bigomega,5,256,0.4396908254015113,train,15,15,-0.0004266211604095555,0.04043475529216354
bigomega,5,256,0.4396908254015113,holdout,21,21,0.022204615634649764,0.044180112928038945
bigomega,5,512,0.4946521785767002,train,15,15,0.004029098468299419,0.028164321561879917
bigomega,5,512,0.4946521785767002,holdout,21,21,0.01277799799946385,0.047014800755069946
bigomega,5,1024,0.5496135317518891,train,15,15,0.005436643835616439,0.04006585266814248
bigomega,5,1024,0.5496135317518891,holdout,21,21,0.01804060665362035,0.0674019758669814
bigomega,5,2048,0.604574884927078,train,15,15,0.006940459600563845,0.05650324662612202
bigomega,5,2048,0.604574884927078,holdout,21,21,0.02558648126163891,0.09528590307438344
bigomega,5,4096,0.6595362381022669,train,15,15,0.00945069204152249,0.07966437311425811
bigomega,5,4096,0.6595362381022669,holdout,21,21,0.036965521502718736,0.1349165950858332
bigomega,5,8192,0.7144975912774558,train,15,15,0.016891995328345306,0.11285909234683078
bigomega,5,8192,0.7144975912774558,holdout,21,21,0.05287609527340822,0.19038108415440771
bigomega,6,256,0.4396908254015113,train,7,7,0.015388834714773283,0.04961132524276008
bigomega,6,256,0.4396908254015113,holdout,8,8,0.008052474402730376,0.051076161029068215
bigomega,6,512,0.4946521785767002,train,7,7,-0.0027628103782624458,0.047781516811194635
bigomega,6,512,0.4946521785767002,holdout,8,8,0.011256293845811484,0.03797403359249104
bigomega,6,1024,0.5496135317518891,train,7,7,-0.003608121330724071,0.06774168815185826
bigomega,6,1024,0.5496135317518891,holdout,8,8,0.0155982448630137,0.05359294463948969
bigomega,6,2048,0.604574884927078,train,7,7,-0.005033406149830545,0.0963930801096341
bigomega,6,2048,0.604574884927078,holdout,8,8,0.021707920003404626,0.07467267611208513
bigomega,6,4096,0.6595362381022669,train,7,7,-0.0057000741473059845,0.13665416290875457
bigomega,6,4096,0.6595362381022669,holdout,8,8,0.02919550173010381,0.10488928703749939
bigomega,6,8192,0.7144975912774558,train,7,7,-0.009032668860551837,0.1919353476555859
bigomega,6,8192,0.7144975912774558,holdout,8,8,0.042779184925403196,0.1484862045834393
bigomega,7,256,0.4396908254015113,train,2,2,-0.07348549488054607,0.002865833797471079
bigomega,7,256,0.4396908254015113,holdout,5,5,-0.007295221843003413,0.04368400699347556
bigomega,7,512,0.4946521785767002,train,2,2,-0.03391997272999576,0.016987179487179493
bigomega,7,512,0.4946521785767002,holdout,5,5,-0.007947396728720597,0.0376584908963626
bigomega,7,1024,0.5496135317518891,train,2,2,-0.04612585616438356,0.02239978673279303
bigomega,7,1024,0.5496135317518891,holdout,5,5,-0.013142123287671234,0.054382625964166355
bigomega,7,2048,0.604574884927078,train,2,2,-0.061697192838710266,0.03291451890034359
bigomega,7,2048,0.604574884927078,holdout,5,5,-0.019955719726785327,0.07726802777476766
bigomega,7,4096,0.6595362381022669,train,2,2,-0.08720804498269896,0.052681290250598097
bigomega,7,4096,0.6595362381022669,holdout,5,5,-0.026903114186851207,0.10678476210698025
bigomega,7,8192,0.7144975912774558,train,2,2,-0.12632168018072185,0.07793311403508786
bigomega,7,8192,0.7144975912774558,holdout,5,5,-0.03841791777170338,0.15155223182194313
bigomega,8,256,0.4396908254015113,train,1,1,-0.05247440273037542,0
bigomega,8,256,0.4396908254015113,holdout,1,1,-0.06079351535836178,0
bigomega,8,512,0.4946521785767002,train,1,1,-0.0273475058535823,0
bigomega,8,512,0.4946521785767002,holdout,1,1,-0.04306098987995002,0
bigomega,8,1024,0.5496135317518891,train,1,1,-0.039383561643835614,0
bigomega,8,1024,0.5496135317518891,holdout,1,1,-0.061215753424657536,0
bigomega,8,2048,0.604574884927078,train,1,1,-0.05330637461264556,0
bigomega,8,2048,0.604574884927078,holdout,1,1,-0.08512314236577762,0
bigomega,8,4096,0.6595362381022669,train,1,1,-0.08109861591695501,0
bigomega,8,4096,0.6595362381022669,holdout,1,1,-0.11721453287197232,0
bigomega,8,8192,0.7144975912774558,train,1,1,-0.12727146724974964,0
bigomega,8,8192,0.7144975912774558,holdout,1,1,-0.17154317471219682,0
bigomega,9,256,0.4396908254015113,holdout,1,1,-0.02666382252559727,0
bigomega,9,512,0.4946521785767002,holdout,1,1,-0.00604364770244912,0
bigomega,9,1024,0.5496135317518891,holdout,1,1,-0.007384417808219178,0
bigomega,9,2048,0.604574884927078,holdout,1,1,-0.008656590749062106,0
bigomega,9,4096,0.6595362381022669,holdout,1,1,-0.01676038062283737,0
bigomega,9,8192,0.7144975912774558,holdout,1,1,-0.03264166171924748,0
tau,1,256,0.4396908254015113,train,1,1,0.022397610921501707,0
tau,1,512,0.4946521785767002,train,1,1,-0.030369329704806856,0
tau,1,1024,0.5496135317518891,train,1,1,-0.04398544520547945,0
tau,1,2048,0.604574884927078,train,1,1,-0.06644313074938028,0
tau,1,4096,0.6595362381022669,train,1,1,-0.09985942906574395,0
tau,1,8192,0.7144975912774558,train,1,1,-0.16390611134082916,0
tau,10,256,0.4396908254015113,train,6,6,0.017207053469852105,0.02702693594208178
tau,10,256,0.4396908254015113,holdout,7,7,0.016516333495855684,0.05450323357818637
tau,10,512,0.4946521785767002,train,6,6,0.00647173941470594,0.02342711045401891
tau,10,512,0.4946521785767002,holdout,7,7,0.00977775860431947,0.047324092647526
tau,10,1024,0.5496135317518891,train,6,6,0.009239440639269405,0.03247001778548931
tau,10,1024,0.5496135317518891,holdout,7,7,0.013775073385518593,0.06810885302639345
tau,10,2048,0.604574884927078,train,6,6,0.012896295282594006,0.04558753339408297
tau,10,2048,0.604574884927078,holdout,7,7,0.02087127894886653,0.09716480195939468
tau,10,4096,0.6595362381022669,train,6,6,0.01674235870818916,0.06573845483741754
tau,10,4096,0.6595362381022669,holdout,7,7,0.03058576371725161,0.13590315218417676
tau,10,8192,0.7144975912774558,train,6,6,0.02519843244359957,0.09780965732316042
tau,10,8192,0.7144975912774558,holdout,7,7,0.04506365819638889,0.1891007844956326
tau,12,256,0.4396908254015113,train,19,19,-0.009464253637506734,0.03381278932416601
tau,12,256,0.4396908254015113,holdout,25,25,-0.002773037542662116,0.0357003790778538
tau,12,512,0.4946521785767002,train,19,19,-0.008699671824314926,0.03706768249843229
tau,12,512,0.4946521785767002,holdout,25,25,-0.0036624505076841775,0.034507121375119
tau,12,1024,0.5496135317518891,train,19,19,-0.012504506128334534,0.052599583331721815
tau,12,1024,0.5496135317518891,holdout,25,25,-0.004824486301369863,0.04924325344434826
tau,12,2048,0.604574884927078,train,19,19,-0.016773643293542757,0.07432125765178657
tau,12,2048,0.604574884927078,holdout,25,25,-0.007481116847347364,0.06995737901662918
tau,12,4096,0.6595362381022669,train,19,19,-0.0221612638863595,0.10435729675423139
tau,12,4096,0.6595362381022669,holdout,25,25,-0.010203287197231833,0.09748039579512913
tau,12,8192,0.7144975912774558,train,19,19,-0.029264867735914902,0.1464845115738604
tau,12,8192,0.7144975912774558,holdout,25,25,-0.014228973298613494,0.13579828770589458
tau,14,256,0.4396908254015113,train,1,1,-0.07145904436860068,0
tau,14,256,0.4396908254015113,holdout,2,2,-0.029436860068259386,0.07179667829453854
tau,14,512,0.4946521785767002,train,1,1,-0.02190822292137812,0
tau,14,512,0.4946521785767002,holdout,2,2,-0.024703409983760798,0.04049145299145298
tau,14,1024,0.5496135317518891,train,1,1,-0.03028681506849315,0
tau,14,1024,0.5496135317518891,holdout,2,2,-0.03590539383561644,0.05834539044251157
tau,14,2048,0.604574884927078,train,1,1,-0.038423113324784534,0
tau,14,2048,0.604574884927078,holdout,2,2,-0.051256129435236164,0.0793599656357388
tau,14,4096,0.6595362381022669,train,1,1,-0.04995674740484429,0
tau,14,4096,0.6595362381022669,holdout,2,2,-0.06847426470588235,0.10838277058087491
tau,14,8192,0.7144975912774558,train,1,1,-0.07121464676752672,0
tau,14,8192,0.7144975912774558,holdout,2,2,-0.10182105048171436,0.15726425438596497
tau,15,256,0.4396908254015113,train,1,1,0.0537542662116041,0
tau,15,256,0.4396908254015113,holdout,2,2,0.08425767918088738,0.0015083335776163585
tau,15,512,0.4946521785767002,train,1,1,0.04457190180556225,0
tau,15,512,0.4946521785767002,holdout,2,2,0.05862338271375648,0.03162393162393167
tau,15,1024,0.5496135317518891,train,1,1,0.062071917808219176,0
tau,15,1024,0.5496135317518891,holdout,2,2,0.08347602739726027,0.04283202463094883
tau,15,2048,0.604574884927078,train,1,1,0.0870974525366163,0
tau,15,2048,0.604574884927078,holdout,2,2,0.11591478753020439,0.05858032646048093
tau,15,4096,0.6595362381022669,train,1,1,0.12478373702422145,0
tau,15,4096,0.6595362381022669,holdout,2,2,0.1606563581314879,0.08108636910124715
tau,15,8192,0.7144975912774558,train,1,1,0.1607659989901652,0
tau,15,8192,0.7144975912774558,holdout,2,2,0.2383577875068797,0.10167214912280707
tau,16,256,0.4396908254015113,train,4,4,-0.026983788395904443,0.08967615015792685
tau,16,256,0.4396908254015113,holdout,13,13,-0.0053819900236282475,0.05157311039423961
tau,16,512,0.4946521785767002,train,4,4,-0.002304140686558702,0.0621229678952358
tau,16,512,0.4946521785767002,holdout,13,13,-0.005137100547081766,0.04210373259104505
tau,16,1024,0.5496135317518891,train,4,4,-0.003076840753424657,0.08885826900911643
tau,16,1024,0.5496135317518891,holdout,13,13,-0.007631388303477343,0.06051625407748343
tau,16,2048,0.604574884927078,train,4,4,-0.0035119940538957464,0.12594260371464822
tau,16,2048,0.604574884927078,holdout,13,13,-0.010922958637480542,0.08626230586599189
tau,16,4096,0.6595362381022669,train,4,4,-0.0022437283737024236,0.17743663574908844
tau,16,4096,0.6595362381022669,holdout,13,13,-0.015724813681128564,0.12375978644255628
tau,16,8192,0.7144975912774558,train,4,4,0.0026846022257219077,0.2518907147523518
tau,16,8192,0.7144975912774558,holdout,13,13,-0.02188536043829314,0.17428817217732823
tau,18,256,0.4396908254015113,train,2,2,-0.01141211604095563,0.0402725065223567
tau,18,256,0.4396908254015113,holdout,5,5,0.028242320819112626,0.05704305414874366
tau,18,512,0.4946521785767002,train,2,2,0.00838556118714816,0.03707264957264955
tau,18,512,0.4946521785767002,holdout,5,5,0.039736983643602966,0.05432427045604466
tau,18,1024,0.5496135317518891,train,2,2,0.01016695205479452,0.05297246862484838
tau,18,1024,0.5496135317518891,holdout,5,5,0.05622859589041096,0.07755577603538645
tau,18,2048,0.604574884927078,train,2,2,0.013326593653161363,0.07329252577319587
tau,18,2048,0.604574884927078,holdout,5,5,0.07844086178755405,0.10807002800773893
tau,18,4096,0.6595362381022669,train,2,2,0.019112240484429065,0.10272469296324897
tau,18,4096,0.6595362381022669,holdout,5,5,0.11146193771626296,0.15121930331580571
tau,18,8192,0.7144975912774558,train,2,2,0.03624697589963925,0.12944078947368434
tau,18,8192,0.7144975912774558,holdout,5,5,0.15149297585092053,0.21810287455053332
tau,2,256,0.4396908254015113,train,54,54,0.000801889773732777,0.04044595081203933
tau,2,256,0.4396908254015113,holdout,43,43,0.005174021747757759,0.04123010802077736
tau,2,512,0.4946521785767002,train,54,54,-0.0024874087071654004,0.04085813129856919
tau,2,512,0.4946521785767002,holdout,43,43,-0.0006535572515439099,0.03679953121918498
tau,2,1024,0.5496135317518891,train,54,54,-0.0038388666920344985,0.05779552703793063
tau,2,1024,0.5496135317518891,holdout,43,43,-0.0004405264415418928,0.05203374138680946
tau,2,2048,0.604574884927078,train,54,54,-0.005754186053470149,0.08218964468760664
tau,2,2048,0.604574884927078,holdout,43,43,-0.0005368428371511398,0.07327048077713955
tau,2,4096,0.6595362381022669,train,54,54,-0.008840750352428548,0.11664934947807806
tau,2,4096,0.6595362381022669,holdout,43,43,0.00022632171883801166,0.1037076290659063
tau,2,8192,0.7144975912774558,train,54,54,-0.013337221593652193,0.16559233549205896
tau,2,8192,0.7144975912774558,holdout,43,43,0.0009466316302604089,0.14731212067754956
tau,20,256,0.4396908254015113,train,1,1,-0.0507679180887372,0
tau,20,256,0.4396908254015113,holdout,2,2,-0.029650170648464164,0.029261671405757302
tau,20,512,0.4946521785767002,train,1,1,-0.058170109136072755,0
tau,20,512,0.4946521785767002,holdout,2,2,-0.015940120815209548,0.04711538461538465
tau,20,1024,0.5496135317518891,train,1,1,-0.0839041095890411,0
tau,20,1024,0.5496135317518891,holdout,2,2,-0.022741866438356163,0.06439938685677997
tau,20,2048,0.604574884927078,train,1,1,-0.12005324538830876,0
tau,20,2048,0.604574884927078,holdout,2,2,-0.03079164516442711,0.089830326460481
tau,20,4096,0.6595362381022669,train,1,1,-0.16771193771626297,0
tau,20,4096,0.6595362381022669,holdout,2,2,-0.043414792387543255,0.1282242724967388
tau,20,8192,0.7144975912774558,train,1,1,-0.23291104941714758,0
tau,20,8192,0.7144975912774558,holdout,2,2,-0.05012549715319117,0.1859649122807018
tau,24,256,0.4396908254015113,holdout,4,4,-0.01151877133105802,0.01848554952499428
tau,24,512,0.4946521785767002,holdout,4,4,-0.01624230320033202,0.028662627109301713
tau,24,1024,0.5496135317518891,holdout,4,4,-0.026113013698630144,0.04140501307220209
tau,24,2048,0.604574884927078,holdout,4,4,-0.038688885847782004,0.06233995810154722
tau,24,4096,0.6595362381022669,holdout,4,4,-0.058147707612456745,0.09107094391665566
tau,24,8192,0.7144975912774558,holdout,4,4,-0.08639185646240241,0.1263908198095662
tau,3,256,0.4396908254015113,train,6,6,0.00785693970420933,0.05268407164783267
tau,3,256,0.4396908254015113,holdout,2,2,-0.021437713310580205,0.07526584552305615
tau,3,512,0.4946521785767002,train,6,6,0.020573584053753893,0.013319840541246
tau,3,512,0.4946521785767002,holdout,2,2,-0.006799103665255241,0.07200854700854702
tau,3,1024,0.5496135317518891,train,6,6,0.027468607305936074,0.019150957507891572
tau,3,1024,0.5496135317518891,holdout,2,2,-0.008936215753424653,0.10299361399774092
tau,3,2048,0.604574884927078,train,6,6,0.036562705663801834,0.02734709414813417
tau,3,2048,0.604574884927078,holdout,2,2,-0.014085943718868607,0.146960910652921
tau,3,4096,0.6595362381022669,train,6,6,0.05179498269896194,0.03830321962057242
tau,3,4096,0.6595362381022669,holdout,2,2,-0.01992322664359862,0.20793435244775257
tau,3,8192,0.7144975912774558,train,6,6,0.0697221242304828,0.05621317506981158
tau,3,8192,0.7144975912774558,holdout,2,2,-0.027621358640099458,0.2872532894736842
tau,4,256,0.4396908254015113,train,79,79,-0.003850390979392578,0.0320528169521748
tau,4,256,0.4396908254015113,holdout,74,74,-0.0009512498846969838,0.04260262796346866
tau,4,512,0.4946521785767002,train,79,79,-0.0015529879539204754,0.039374921492451455
tau,4,512,0.4946521785767002,holdout,74,74,-0.0004348976218316382,0.044996383928706425
tau,4,1024,0.5496135317518891,train,79,79,-0.0019155323391711458,0.05579865624427345
tau,4,1024,0.5496135317518891,holdout,74,74,-0.0003470936690114776,0.06317393769928624
tau,4,2048,0.604574884927078,train,79,79,-0.0022982354520328296,0.07934519860950127
tau,4,2048,0.604574884927078,holdout,74,74,-0.00040225030507732895,0.08884180410691833
tau,4,4096,0.6595362381022669,train,79,79,-0.002966772151898739,0.11291539041531358
tau,4,4096,0.6595362381022669,holdout,74,74,-0.0011244213504161594,0.12629318220343413
tau,4,8192,0.7144975912774558,train,79,79,-0.005076981150174889,0.16221663361279462
tau,4,8192,0.7144975912774558,holdout,74,74,-0.0029588512773690246,0.18069274863902365
tau,5,256,0.4396908254015113,train,2,2,0.021437713310580205,0.017949169573634634
tau,5,512,0.4946521785767002,train,2,2,0.03452433750024062,0.021688034188034205
tau,5,1024,0.5496135317518891,train,2,2,0.04858732876712329,0.031178081533482192
tau,5,2048,0.604574884927078,train,2,2,0.0671645133118021,0.043653350515463894
tau,5,4096,0.6595362381022669,train,2,2,0.09266868512110726,0.05566325007610365
tau,5,8192,0.7144975912774558,train,2,2,0.12225116417060188,0.0662554824561403
tau,6,256,0.4396908254015113,train,34,34,0.00927901023890785,0.04675106406792182
tau,6,256,0.4396908254015113,holdout,27,27,-0.004250410820376691,0.03756362959138877
tau,6,512,0.4946521785767002,train,34,34,-0.0018530890381774218,0.04120372707679481
tau,6,512,0.4946521785767002,holdout,27,27,-0.0017011749088375284,0.03858933933102692
tau,6,1024,0.5496135317518891,train,34,34,-0.0022474315068493128,0.05776398005908933
tau,6,1024,0.5496135317518891,holdout,27,27,-0.002627949010654488,0.054034105640299944
tau,6,2048,0.604574884927078,train,34,34,-0.0031736365981468654,0.08136684987601762
tau,6,2048,0.604574884927078,holdout,27,27,-0.004592661693703194,0.0759330771263896
tau,6,4096,0.6595362381022669,train,34,34,-0.004158291776918378,0.115838354813737
tau,6,4096,0.6595362381022669,holdout,27,27,-0.006555972062027427,0.10631764537410743
tau,6,8192,0.7144975912774558,train,34,34,-0.004900582020026723,0.16473045235029832
tau,6,8192,0.7144975912774558,holdout,27,27,-0.007397283415921652,0.14855016341856492
tau,7,256,0.4396908254015113,train,1,1,0.00234641638225256,0
tau,7,512,0.4946521785767002,train,1,1,-0.019037490262714733,0
tau,7,1024,0.5496135317518891,train,1,1,-0.027504280821917807,0
tau,7,2048,0.604574884927078,train,1,1,-0.044421978843871335,0
tau,7,4096,0.6595362381022669,train,1,1,-0.06374351211072664,0
tau,7,8192,0.7144975912774558,train,1,1,-0.09265269775415827,0
tau,8,256,0.4396908254015113,train,40,40,0.0042395477815699665,0.04175685842061668
tau,8,256,0.4396908254015113,holdout,48,48,0.0035640642775881686,0.03369904875933184
tau,8,512,0.4946521785767002,train,40,40,0.0030444875301087393,0.03831738072258824
tau,8,512,0.4946521785767002,holdout,48,48,0.005631294656084102,0.035321454924786784
tau,8,1024,0.5496135317518891,train,40,40,0.004165774828767123,0.054270446669489006
tau,8,1024,0.5496135317518891,holdout,48,48,0.008126872859589048,0.05022710062865957
tau,8,2048,0.604574884927078,train,40,40,0.006982223854177741,0.07731634057474826
tau,8,2048,0.604574884927078,holdout,48,48,0.01150415349546413,0.0710940628104592
tau,8,4096,0.6595362381022669,train,40,40,0.01057796280276816,0.11032068423374244
tau,8,4096,0.6595362381022669,holdout,48,48,0.01662071078431374,0.10217176949168763
tau,8,8192,0.7144975912774558,train,40,40,0.016371227724510884,0.15962184510290142
tau,8,8192,0.7144975912774558,holdout,48,48,0.024886682606316535,0.1461507151937457
tau,9,256,0.4396908254015113,train,5,5,-0.01821672354948805,0.03674134649865168
tau,9,256,0.4396908254015113,holdout,2,2,0.003839590443686005,0.08084667976023667
tau,9,512,0.4946521785767002,train,5,5,-0.012087295404898257,0.026744208090247534
tau,9,512,0.4946521785767002,holdout,2,2,0.024854501176321993,0.01805555555555554
tau,9,1024,0.5496135317518891,train,5,5,-0.018450342465753423,0.03816949019079686
tau,9,1024,0.5496135317518891,holdout,2,2,0.03408604452054795,0.02504841016403545
tau,9,2048,0.604574884927078,train,5,5,-0.02540785319856299,0.05518758078201007
tau,9,2048,0.604574884927078,holdout,2,2,0.05023100684653146,0.035491838487972494
tau,9,4096,0.6595362381022669,train,5,5,-0.03780276816608996,0.08222643729659679
tau,9,4096,0.6595362381022669,holdout,2,2,0.07201557093425606,0.050005172458477735
tau,9,8192,0.7144975912774558,train,5,5,-0.055707919109926986,0.1221320073877865
tau,9,8192,0.7144975912774558,holdout,2,2,0.09926244041821038,0.06592653508771938
phiRatioBucket,0.34-0.50,256,0.4396908254015113,train,81,81,0.0016195803311844256,0.038569416468278675
phiRatioBucket,0.34-0.50,256,0.4396908254015113,holdout,86,86,-0.0023811413604254306,0.040218977915797115
phiRatioBucket,0.34-0.50,512,0.4946521785767002,train,81,81,0.0011266553124318688,0.0388965784506252
phiRatioBucket,0.34-0.50,512,0.4946521785767002,holdout,86,86,0.002220689155783631,0.03843105370962861
phiRatioBucket,0.34-0.50,1024,0.5496135317518891,train,81,81,0.0017070438017926604,0.05504731405623426
phiRatioBucket,0.34-0.50,1024,0.5496135317518891,holdout,86,86,0.003284037511946482,0.05436500890576954
phiRatioBucket,0.34-0.50,2048,0.604574884927078,train,81,81,0.0028124076507674155,0.07820485226452534
phiRatioBucket,0.34-0.50,2048,0.604574884927078,holdout,86,86,0.004479282422479803,0.07694420129589506
phiRatioBucket,0.34-0.50,4096,0.6595362381022669,train,81,81,0.004486789269084543,0.11128364319706098
phiRatioBucket,0.34-0.50,4096,0.6595362381022669,holdout,86,86,0.0068569194093506146,0.1088517632537192
phiRatioBucket,0.34-0.50,8192,0.7144975912774558,train,81,81,0.00729916986129795,0.15988656705538604
phiRatioBucket,0.34-0.50,8192,0.7144975912774558,holdout,86,86,0.009926108808730969,0.15410299742648367
phiRatioBucket,0.50-0.67,256,0.4396908254015113,train,48,48,0.004346203071672357,0.04061936050269699
phiRatioBucket,0.50-0.67,256,0.4396908254015113,holdout,43,43,0.003735415509167394,0.041678808279992374
phiRatioBucket,0.50-0.67,512,0.4946521785767002,train,48,48,-0.0015675711228227427,0.03958862393685412
phiRatioBucket,0.50-0.67,512,0.4946521785767002,holdout,43,43,0.0020625704658939702,0.04563015818567166
phiRatioBucket,0.50-0.67,1024,0.5496135317518891,train,48,48,-0.0016766552511415529,0.055909111990778436
phiRatioBucket,0.50-0.67,1024,0.5496135317518891,holdout,43,43,0.002934354093660402,0.06403785307036816
phiRatioBucket,0.50-0.67,2048,0.604574884927078,train,48,48,-0.0016310206619669302,0.07930170354811321
phiRatioBucket,0.50-0.67,2048,0.604574884927078,holdout,43,43,0.003966279645531117,0.08956436013187137
phiRatioBucket,0.50-0.67,4096,0.6595362381022669,train,48,48,-0.001885542820069204,0.11325370965947784
phiRatioBucket,0.50-0.67,4096,0.6595362381022669,holdout,43,43,0.005063319787559345,0.12704191127472872
phiRatioBucket,0.50-0.67,8192,0.7144975912774558,train,48,48,-0.003232991188196447,0.16179062075686262
phiRatioBucket,0.50-0.67,8192,0.7144975912774558,holdout,43,43,0.0072232501158540395,0.1792433101777665
phiRatioBucket,0.67-0.84,256,0.4396908254015113,train,25,25,-0.0050426621160409545,0.026520510771004
phiRatioBucket,0.67-0.84,256,0.4396908254015113,holdout,19,19,-0.0028291719058739003,0.04251163509127082
phiRatioBucket,0.67-0.84,512,0.4946521785767002,train,25,25,0.0007494123151036822,0.036843241615303064
phiRatioBucket,0.67-0.84,512,0.4946521785767002,holdout,19,19,-0.000715695122658445,0.04030146030254727
phiRatioBucket,0.67-0.84,1024,0.5496135317518891,train,25,25,0.0006849315068493166,0.05193173237724507
phiRatioBucket,0.67-0.84,1024,0.5496135317518891,holdout,19,19,-0.0007885724585436188,0.05702779702096146
phiRatioBucket,0.67-0.84,2048,0.604574884927078,train,25,25,0.0010144916877848124,0.07342128154216573
phiRatioBucket,0.67-0.84,2048,0.604574884927078,holdout,19,19,-0.0005435347838746192,0.08121282091415391
phiRatioBucket,0.67-0.84,4096,0.6595362381022669,train,25,25,0.001801470588235295,0.10355803027037982
phiRatioBucket,0.67-0.84,4096,0.6595362381022669,holdout,19,19,-0.0009191176470588232,0.1156392201403832
phiRatioBucket,0.67-0.84,8192,0.7144975912774558,train,25,25,0.0015971929487327606,0.14920799548962135
phiRatioBucket,0.67-0.84,8192,0.7144975912774558,holdout,19,19,-0.002258677304863542,0.16633279756461453
phiRatioBucket,<0.34,256,0.4396908254015113,train,42,42,-0.006429790346172601,0.047887748932864314
phiRatioBucket,<0.34,256,0.4396908254015113,holdout,43,43,0.000744106675132947,0.042609705233612905
phiRatioBucket,<0.34,512,0.4946521785767002,train,42,42,-0.002831161155849681,0.03738007245085985
phiRatioBucket,<0.34,512,0.4946521785767002,holdout,43,43,-0.0007484284654777192,0.04310124883542501
phiRatioBucket,<0.34,1024,0.5496135317518891,train,42,42,-0.004426064090019567,0.05315194308242263
phiRatioBucket,<0.34,1024,0.5496135317518891,holdout,43,43,-0.0013539343740044583,0.061547458078220055
phiRatioBucket,<0.34,2048,0.604574884927078,train,42,42,-0.005695125492804,0.0752693373650684
phiRatioBucket,<0.34,2048,0.604574884927078,holdout,43,43,-0.002528812311843529,0.0868278304247067
phiRatioBucket,<0.34,4096,0.6595362381022669,train,42,42,-0.007427603394298894,0.10637936764543633
phiRatioBucket,<0.34,4096,0.6595362381022669,holdout,43,43,-0.0043051420294519995,0.1230529075788532
phiRatioBucket,<0.34,8192,0.7144975912774558,train,42,42,-0.010610109191911262,0.14998284642480245
phiRatioBucket,<0.34,8192,0.7144975912774558,holdout,43,43,-0.00583936482780658,0.17458773497038535
phiRatioBucket,>=0.84,256,0.4396908254015113,train,60,60,0.00047283845278725805,0.03929796584891856
phiRatioBucket,>=0.84,256,0.4396908254015113,holdout,65,65,0.005552638487792073,0.04182981809707787
phiRatioBucket,>=0.84,512,0.4946521785767002,train,60,60,-0.0030973694475051714,0.04060626213130132
phiRatioBucket,>=0.84,512,0.4946521785767002,holdout,65,65,0.0007089663650949987,0.03768680418355458
phiRatioBucket,>=0.84,1024,0.5496135317518891,train,60,60,-0.004757063356164383,0.05730479164410106
phiRatioBucket,>=0.84,1024,0.5496135317518891,holdout,65,65,0.0014209035827186522,0.05322867264729204
phiRatioBucket,>=0.84,2048,0.604574884927078,train,60,60,-0.007347977469160046,0.08138313376734632
phiRatioBucket,>=0.84,2048,0.604574884927078,holdout,65,65,0.0020490769465391335,0.07523437353506611
phiRatioBucket,>=0.84,4096,0.6595362381022669,train,60,60,-0.01127991637831603,0.11563234457528594
phiRatioBucket,>=0.84,4096,0.6595362381022669,holdout,65,65,0.0034385813148788916,0.10681312367047766
phiRatioBucket,>=0.84,8192,0.7144975912774558,train,60,60,-0.016677485595748498,0.1646181792927574
phiRatioBucket,>=0.84,8192,0.7144975912774558,holdout,65,65,0.00537785243417601,0.15264549345913736
squarefree,false,256,0.4396908254015113,train,99,99,0.003238442444927087,0.044793328787031406
squarefree,false,256,0.4396908254015113,holdout,99,99,0.0018616196090598825,0.0409956395405873
squarefree,false,512,0.4946521785767002,train,99,99,0.001085109473848815,0.04003689327596382
squarefree,false,512,0.4946521785767002,holdout,99,99,0.00426870773327025,0.03998397617774264
squarefree,false,1024,0.5496135317518891,train,99,99,0.0014777483741524838,0.05658462824286098
squarefree,false,1024,0.5496135317518891,holdout,99,99,0.0058861301369863015,0.056838484933021974
squarefree,false,2048,0.604574884927078,train,99,99,0.002299526764636571,0.07996077314386738
squarefree,false,2048,0.604574884927078,holdout,99,99,0.007827441838931313,0.08043567804177905
squarefree,false,4096,0.6595362381022669,train,99,99,0.0036087518786480743,0.11338986334527067
squarefree,false,4096,0.6595362381022669,holdout,99,99,0.011211269267065109,0.11326238570724799
squarefree,false,8192,0.7144975912774558,train,99,99,0.006049973290654422,0.160919680427676
squarefree,false,8192,0.7144975912774558,holdout,99,99,0.01621549475508092,0.15974530501073597
squarefree,true,256,0.4396908254015113,train,157,157,-0.002220060433468838,0.03612960454682504
squarefree,true,256,0.4396908254015113,holdout,157,157,0.0007051477141801273,0.04155345935873295
squarefree,true,512,0.4946521785767002,train,157,157,-0.0024039859810060364,0.03796759622547161
squarefree,true,512,0.4946521785767002,holdout,157,157,-0.0009084718839350248,0.04028849785076984
squarefree,true,1024,0.5496135317518891,train,157,157,-0.0034566955326760305,0.05372805183632223
squarefree,true,1024,0.5496135317518891,holdout,157,157,-0.0009870430154436767,0.05682652932167409
squarefree,true,2048,0.604574884927078,train,157,157,-0.004667826423019255,0.07646637690418107
squarefree,true,2048,0.604574884927078,holdout,157,157,-0.0013058886480314942,0.08007750242285429
squarefree,true,4096,0.6595362381022669,train,157,157,-0.006548153637625899,0.10882846611180304
squarefree,true,4096,0.6595362381022669,holdout,157,157,-0.0017934674806603039,0.11403022898510985
squarefree,true,8192,0.7144975912774558,train,157,157,-0.009995172433948703,0.1560755667667449
squarefree,true,8192,0.7144975912774558,holdout,157,157,-0.0024556434164781805,0.16258607387578236
parityOmega,even,256,0.4396908254015113,train,125,125,-0.0005836177474402728,0.038464043572978
parityOmega,even,256,0.4396908254015113,holdout,121,121,-0.0031150396299325866,0.042449372492750895
parityOmega,even,512,0.4946521785767002,train,125,125,-0.00047140452079103657,0.040374232074798524
parityOmega,even,512,0.4946521785767002,holdout,121,121,0.0010301672220083746,0.042845401486549264
parityOmega,even,1024,0.5496135317518891,train,125,125,-0.0006815068493150698,0.05725858961615134
parityOmega,even,1024,0.5496135317518891,holdout,121,121,0.0015336663647684818,0.06045035131104415
parityOmega,even,2048,0.604574884927078,train,125,125,-0.0005692088092541206,0.08130908955778277
parityOmega,even,2048,0.604574884927078,holdout,121,121,0.0020144741412562936,0.08531358652335061
parityOmega,even,4096,0.6595362381022669,train,125,125,-0.0002802768166089935,0.11540406559109707
parityOmega,even,4096,0.6595362381022669,holdout,121,121,0.0024651298292773616,0.12102580765869661
parityOmega,even,8192,0.7144975912774558,train,125,125,-0.000890086167546231,0.16520688480623874
parityOmega,even,8192,0.7144975912774558,holdout,121,121,0.0027354636516650115,0.17241002735395478
parityOmega,odd,256,0.4396908254015113,train,131,131,0.00034357658338326916,0.0410031762707008
parityOmega,odd,256,0.4396908254015113,holdout,135,135,0.004977246871444823,0.0399379538662499
parityOmega,odd,512,0.4946521785767002,train,131,131,-0.0016112549313590505,0.03726161519161827
parityOmega,odd,512,0.4946521785767002,holdout,135,135,0.0011505314515032781,0.03777652781222934
parityOmega,odd,1024,0.5496135317518891,train,131,131,-0.002375692774234026,0.05254003225275995
parityOmega,odd,1024,0.5496135317518891,holdout,135,135,0.0017939814814814808,0.05358201144772122
parityOmega,odd,2048,0.604574884927078,train,131,131,-0.0033133167752537203,0.07449391172703453
parityOmega,odd,2048,0.604574884927078,holdout,135,135,0.0024158581720092123,0.0756085203921875
parityOmega,odd,4096,0.6595362381022669,train,131,131,-0.004853122771335747,0.10601525302598813
parityOmega,odd,4096,0.6595362381022669,holdout,135,135,0.0039263744713571675,0.10713688758325503
parityOmega,odd,8192,0.7144975912774558,train,131,131,-0.006557511033678473,0.1510737011935846
parityOmega,odd,8192,0.7144975912774558,holdout,135,135,0.006583754537144223,0.15155300641929215
gcdPrimorial,1,256,0.4396908254015113,train,53,53,0.0011711958271620841,0.040484048070858696
gcdPrimorial,1,256,0.4396908254015113,holdout,53,53,0.003127213600360615,0.04128175410017621
gcdPrimorial,1,512,0.4946521785767002,train,53,53,-0.003936923338246334,0.04195994803165126
gcdPrimorial,1,512,0.4946521785767002,holdout,53,53,-0.0001567927469974933,0.03686873926459303
gcdPrimorial,1,1024,0.5496135317518891,train,53,53,-0.005809398423365211,0.059269774165440874
gcdPrimorial,1,1024,0.5496135317518891,holdout,53,53,0.000207983329025587,0.05211878039621037
gcdPrimorial,1,2048,0.604574884927078,train,53,53,-0.008616474141817217,0.08424428549631864
gcdPrimorial,1,2048,0.604574884927078,holdout,53,53,0.0003467221054738565,0.07344425330667881
gcdPrimorial,1,4096,0.6595362381022669,train,53,53,-0.013270589867467517,0.11970513764437613
gcdPrimorial,1,4096,0.6595362381022669,holdout,53,53,0.001411829992818437,0.1038813964386024
gcdPrimorial,1,8192,0.7144975912774558,train,53,53,-0.020035862452687347,0.17052866640045167
gcdPrimorial,1,8192,0.7144975912774558,holdout,53,53,0.0032937167284043003,0.14813437112733419
gcdPrimorial,10,256,0.4396908254015113,train,13,13,-0.01064912050406931,0.037557451719848964
gcdPrimorial,10,256,0.4396908254015113,holdout,13,13,0.013651877133105799,0.034081552902272806
gcdPrimorial,10,512,0.4946521785767002,train,13,13,-0.016375960793751563,0.030137898416264332
gcdPrimorial,10,512,0.4946521785767002,holdout,13,13,0.011145881051247503,0.03469109682336849
gcdPrimorial,10,1024,0.5496135317518891,train,13,13,-0.023338711801896735,0.04210877697995425
gcdPrimorial,10,1024,0.5496135317518891,holdout,13,13,0.015880202845100104,0.049595673251417775
gcdPrimorial,10,2048,0.604574884927078,train,13,13,-0.03272798783198048,0.05997181576156611
gcdPrimorial,10,2048,0.604574884927078,holdout,13,13,0.021448718779052696,0.0712095588171641
gcdPrimorial,10,4096,0.6595362381022669,train,13,13,-0.04509083044982699,0.08553144302173268
gcdPrimorial,10,4096,0.6595362381022669,holdout,13,13,0.029366016768698433,0.10128577021086967
gcdPrimorial,10,8192,0.7144975912774558,train,13,13,-0.06089074462317863,0.12078198905758722
gcdPrimorial,10,8192,0.7144975912774558,holdout,13,13,0.039440765384502634,0.14076443652588064
gcdPrimorial,105,256,0.4396908254015113,train,1,1,-0.014931740614334471,0
gcdPrimorial,105,256,0.4396908254015113,holdout,1,1,-0.04628839590443686,0
gcdPrimorial,105,512,0.4946521785767002,train,1,1,-0.04245662510970507,0
gcdPrimorial,105,512,0.4946521785767002,holdout,1,1,-0.056508106017899316,0
gcdPrimorial,105,1024,0.5496135317518891,train,1,1,-0.05800513698630137,0
gcdPrimorial,105,1024,0.5496135317518891,holdout,1,1,-0.08069349315068493,0
gcdPrimorial,105,2048,0.604574884927078,train,1,1,-0.08246541713580226,0
gcdPrimorial,105,2048,0.604574884927078,holdout,1,1,-0.11686397511233863,0
gcdPrimorial,105,4096,0.6595362381022669,train,1,1,-0.11656574394463667,0
gcdPrimorial,105,4096,0.6595362381022669,holdout,1,1,-0.16592776816608998,0
gcdPrimorial,105,8192,0.7144975912774558,train,1,1,-0.1727449461056609,0
gcdPrimorial,105,8192,0.7144975912774558,holdout,1,1,-0.23469432309777186,0
gcdPrimorial,11,256,0.4396908254015113,train,6,6,-0.013794084186575656,0.030567239920412256
gcdPrimorial,11,256,0.4396908254015113,holdout,5,5,0.03732935153583618,0.05904485409603315
gcdPrimorial,11,512,0.4946521785767002,train,6,6,-0.014882482467280972,0.02519569654537173
gcdPrimorial,11,512,0.4946521785767002,holdout,5,5,0.014323445054804415,0.06394178555149577
gcdPrimorial,11,1024,0.5496135317518891,train,6,6,-0.022153253424657533,0.03459568950583475
gcdPrimorial,11,1024,0.5496135317518891,holdout,5,5,0.020697773972602744,0.08967496876589003
gcdPrimorial,11,2048,0.604574884927078,train,6,6,-0.033057039527120254,0.047387524619760216
gcdPrimorial,11,2048,0.604574884927078,holdout,5,5,0.030996669682168042,0.1277511354515765
gcdPrimorial,11,4096,0.6595362381022669,train,6,6,-0.04601895905420992,0.06609683840182556
gcdPrimorial,11,4096,0.6595362381022669,holdout,5,5,0.04447448096885814,0.18372301756714965
gcdPrimorial,11,8192,0.7144975912774558,train,6,6,-0.06269240769237082,0.09245043995739287
gcdPrimorial,11,8192,0.7144975912774558,holdout,5,5,0.05939076692860692,0.2663976903119063
gcdPrimorial,110,256,0.4396908254015113,train,2,2,0.025383959044368604,0.013876668914070474
gcdPrimorial,110,256,0.4396908254015113,holdout,1,1,0.07572525597269625,0
gcdPrimorial,110,512,0.4946521785767002,train,2,2,0.019037490262714743,0.03333333333333332
gcdPrimorial,110,512,0.4946521785767002,holdout,1,1,0.06889758380791998,0
gcdPrimorial,110,1024,0.5496135317518891,train,2,2,0.02632705479452055,0.046918472210579994
gcdPrimorial,110,1024,0.5496135317518891,holdout,1,1,0.09931506849315068,0
gcdPrimorial,110,2048,0.604574884927078,train,2,2,0.03819530830507233,0.06529209621993133
gcdPrimorial,110,2048,0.604574884927078,holdout,1,1,0.14047976215583258,0
gcdPrimorial,110,4096,0.6595362381022669,train,2,2,0.05741782006920416,0.09381704374090546
gcdPrimorial,110,4096,0.6595362381022669,holdout,1,1,0.20155709342560554,0
gcdPrimorial,110,8192,0.7144975912774558,train,2,2,0.08166230452683454,0.13791118421052626
gcdPrimorial,110,8192,0.7144975912774558,holdout,1,1,0.2873396634953232,0
gcdPrimorial,14,256,0.4396908254015113,train,9,9,0.006897042093287828,0.02120214888014659
gcdPrimorial,14,256,0.4396908254015113,holdout,8,8,0.0036262798634812293,0.05146579162854036
gcdPrimorial,14,512,0.4946521785767002,train,9,9,0.0014101844639047903,0.023748007825217535
gcdPrimorial,14,512,0.4946521785767002,holdout,8,8,0.0020963902967870334,0.04143705223781133
gcdPrimorial,14,1024,0.5496135317518891,train,9,9,0.0021879756468797576,0.033622388168584955
gcdPrimorial,14,1024,0.5496135317518891,holdout,8,8,0.0037724743150684935,0.05966414401631423
gcdPrimorial,14,2048,0.604574884927078,train,9,9,0.0036617547612992113,0.04879668806241286
gcdPrimorial,14,2048,0.604574884927078,holdout,8,8,0.005752076747732071,0.08510751508043354
gcdPrimorial,14,4096,0.6595362381022669,train,9,9,0.005466647443291039,0.07257618022312971
gcdPrimorial,14,4096,0.6595362381022669,holdout,8,8,0.011495728806228378,0.12122064087683042
gcdPrimorial,14,8192,0.7144975912774558,train,9,9,0.011828187263269127,0.11024115534820567
gcdPrimorial,14,8192,0.7144975912774558,holdout,8,8,0.017488681286336672,0.17085548270618658
gcdPrimorial,15,256,0.4396908254015113,train,7,7,0.01599829351535836,0.04196656402343157
gcdPrimorial,15,256,0.4396908254015113,holdout,6,6,-0.005866040955631399,0.039945674018887364
gcdPrimorial,15,512,0.4946521785767002,train,7,7,-0.000755455962806145,0.03125920615849575
gcdPrimorial,15,512,0.4946521785767002,holdout,6,6,0.01364857106136426,0.0208820199607211
gcdPrimorial,15,1024,0.5496135317518891,train,7,7,-0.0014065557729941297,0.04397652282164927
gcdPrimorial,15,1024,0.5496135317518891,holdout,6,6,0.01988798515981735,0.02852802619712738
gcdPrimorial,15,2048,0.604574884927078,train,7,7,-0.0004990014717504233,0.06282346303556739
gcdPrimorial,15,2048,0.604574884927078,holdout,6,6,0.028235166609879504,0.03788666541090194
gcdPrimorial,15,4096,0.6595362381022669,train,7,7,0.000563828472565497,0.09473189490504015
gcdPrimorial,15,4096,0.6595362381022669,holdout,6,6,0.04175677623990773,0.05282010863629929
gcdPrimorial,15,8192,0.7144975912774558,train,7,7,0.001816502382747377,0.14611877793120165
gcdPrimorial,15,8192,0.7144975912774558,holdout,6,6,0.06151001970847892,0.07311753704467236
gcdPrimorial,154,256,0.4396908254015113,train,1,1,0.025810580204778156,0
gcdPrimorial,154,256,0.4396908254015113,holdout,1,1,0.008532423208191127,0
gcdPrimorial,154,512,0.4946521785767002,train,1,1,0.025534411542847503,0
gcdPrimorial,154,512,0.4946521785767002,holdout,1,1,0.023268043654429128,0
gcdPrimorial,154,1024,0.5496135317518891,train,1,1,0.03606592465753425,0
gcdPrimorial,154,1024,0.5496135317518891,holdout,1,1,0.03424657534246575,0
gcdPrimorial,154,2048,0.604574884927078,train,1,1,0.051863609487802026,0
gcdPrimorial,154,2048,0.604574884927078,holdout,1,1,0.04632035400813937,0
gcdPrimorial,154,4096,0.6595362381022669,train,1,1,0.07169117647058823,0
gcdPrimorial,154,4096,0.6595362381022669,holdout,1,1,0.0667711937716263,0
gcdPrimorial,154,8192,0.7144975912774558,train,1,1,0.11191980686872616,0
gcdPrimorial,154,8192,0.7144975912774558,holdout,1,1,0.09315666640303034,0
gcdPrimorial,165,256,0.4396908254015113,train,1,1,-0.0253839590443686,0
gcdPrimorial,165,256,0.4396908254015113,holdout,1,1,-0.033276450511945395,0
gcdPrimorial,165,512,0.4946521785767002,train,1,1,0.016166757604051396,0
gcdPrimorial,165,512,0.4946521785767002,holdout,1,1,-0.03958589245104175,0
gcdPrimorial,165,1024,0.5496135317518891,train,1,1,0.023544520547945206,0
gcdPrimorial,165,1024,0.5496135317518891,holdout,1,1,-0.05361729452054795,0
gcdPrimorial,165,2048,0.604574884927078,train,1,1,0.03667660817365794,0
gcdPrimorial,165,2048,0.604574884927078,holdout,1,1,-0.0711511011567649,0
gcdPrimorial,165,4096,0.6595362381022669,train,1,1,0.055471453287197235,0
gcdPrimorial,165,4096,0.6595362381022669,holdout,1,1,-0.09250648788927336,0
gcdPrimorial,165,8192,0.7144975912774558,train,1,1,0.08424029799991055,0
gcdPrimorial,165,8192,0.7144975912774558,holdout,1,1,-0.12870583955807766,0
gcdPrimorial,2,256,0.4396908254015113,train,54,54,0.0002804639110099865,0.043136943692055014
gcdPrimorial,2,256,0.4396908254015113,holdout,53,53,-0.004894069160924722,0.03781917632635642
gcdPrimorial,2,512,0.4946521785767002,train,54,54,0.002965864150275947,0.04215402170964928
gcdPrimorial,2,512,0.4946521785767002,holdout,53,53,0.0026056103773766516,0.039823867797347326
gcdPrimorial,2,1024,0.5496135317518891,train,54,54,0.004368023845763571,0.05969320831486677
gcdPrimorial,2,1024,0.5496135317518891,holdout,53,53,0.003705334065650041,0.05602691086837455
gcdPrimorial,2,2048,0.604574884927078,train,54,54,0.006329323418052079,0.08472475516974712
gcdPrimorial,2,2048,0.604574884927078,holdout,53,53,0.0051320602554022505,0.07891611431667278
gcdPrimorial,2,4096,0.6595362381022669,train,54,54,0.008867783224400873,0.12110051098550036
gcdPrimorial,2,4096,0.6595362381022669,holdout,53,53,0.007419248220930991,0.11132616165877901
gcdPrimorial,2,8192,0.7144975912774558,train,54,54,0.012187857196438466,0.17448763658996932
gcdPrimorial,2,8192,0.7144975912774558,holdout,53,53,0.010758889486586485,0.158737116678889
gcdPrimorial,21,256,0.4396908254015113,train,4,4,0.03743600682593856,0.04119693178094352
gcdPrimorial,21,256,0.4396908254015113,holdout,5,5,-0.0040955631399317415,0.031929109736263575
gcdPrimorial,21,512,0.4946521785767002,train,4,4,0.0129938425602656,0.04450450002322452
gcdPrimorial,21,512,0.4946521785767002,holdout,5,5,-0.00413989867617766,0.03438089963585331
gcdPrimorial,21,1024,0.5496135317518891,train,4,4,0.020039597602739725,0.06219256003339059
gcdPrimorial,21,1024,0.5496135317518891,holdout,5,5,-0.005565068493150685,0.047888855190530336
gcdPrimorial,21,2048,0.604574884927078,train,4,4,0.02906412376494323,0.089182152332441
gcdPrimorial,21,2048,0.604574884927078,holdout,5,5,-0.0059988655190869,0.06673840421975483
gcdPrimorial,21,4096,0.6595362381022669,train,4,4,0.03981942041522491,0.12885614403502746
gcdPrimorial,21,4096,0.6595362381022669,holdout,5,5,-0.00722318339100346,0.0920657755185421
gcdPrimorial,21,8192,0.7144975912774558,train,4,4,0.05371142792401101,0.1739709677501988
gcdPrimorial,21,8192,0.7144975912774558,holdout,5,5,-0.00918773613712778,0.13004592826599456
gcdPrimorial,210,256,0.4396908254015113,train,1,1,-0.09833617747440274,0
gcdPrimorial,210,256,0.4396908254015113,holdout,1,1,-0.003626279863481229,0
gcdPrimorial,210,512,0.4946521785767002,train,1,1,-0.03354224474859261,0
gcdPrimorial,210,512,0.4946521785767002,holdout,1,1,-0.036412977407255985,0
gcdPrimorial,210,1024,0.5496135317518891,train,1,1,-0.0467679794520548,0
gcdPrimorial,210,1024,0.5496135317518891,holdout,1,1,-0.05351027397260274,0
gcdPrimorial,210,2048,0.604574884927078,train,1,1,-0.06386134052597577,0
gcdPrimorial,210,2048,0.604574884927078,holdout,1,1,-0.07995956191896844,0
gcdPrimorial,210,4096,0.6595362381022669,train,1,1,-0.08639705882352941,0
gcdPrimorial,210,4096,0.6595362381022669,holdout,1,1,-0.12375648788927336,0
gcdPrimorial,210,8192,0.7144975912774558,train,1,1,-0.11552512104911802,0
gcdPrimorial,210,8192,0.7144975912774558,holdout,1,1,-0.18790277239096453,0
gcdPrimorial,22,256,0.4396908254015113,train,5,5,0.017534129692832762,0.04302385037677218
gcdPrimorial,22,256,0.4396908254015113,holdout,6,6,-0.018877986348122874,0.04162251905071189
gcdPrimorial,22,512,0.4946521785767002,train,5,5,0.01936989088634946,0.030952018202111506
gcdPrimorial,22,512,0.4946521785767002,holdout,6,6,-0.013774480388498619,0.02586889782335483
gcdPrimorial,22,1024,0.5496135317518891,train,5,5,0.02763270547945206,0.04325725007046783
gcdPrimorial,22,1024,0.5496135317518891,holdout,6,6,-0.019477739726027395,0.036086211572105474
gcdPrimorial,22,2048,0.604574884927078,train,5,5,0.03997218745882715,0.060876119643443485
gcdPrimorial,22,2048,0.604574884927078,holdout,6,6,-0.027665654060599103,0.05290377611592685
gcdPrimorial,22,4096,0.6595362381022669,train,5,5,0.05565527681660899,0.08230893462637469
gcdPrimorial,22,4096,0.6595362381022669,holdout,6,6,-0.039314806805074966,0.07837015179080306
gcdPrimorial,22,8192,0.7144975912774558,train,5,5,0.07958827970263058,0.11596602628804434
gcdPrimorial,22,8192,0.7144975912774558,holdout,6,6,-0.052793946537603,0.10689210245670035
gcdPrimorial,231,256,0.4396908254015113,train,1,1,-0.06143344709897611,0
gcdPrimorial,231,512,0.4946521785767002,train,1,1,-0.04290989868738876,0
gcdPrimorial,231,1024,0.5496135317518891,train,1,1,-0.060894691780821915,0
gcdPrimorial,231,2048,0.604574884927078,train,1,1,-0.08519907737234819,0
gcdPrimorial,231,4096,0.6595362381022669,train,1,1,-0.11964749134948097,0
gcdPrimorial,231,8192,0.7144975912774558,train,1,1,-0.171349340616477,0
gcdPrimorial,3,256,0.4396908254015113,train,27,27,0.003610479079762357,0.03714752090083131
gcdPrimorial,3,256,0.4396908254015113,holdout,26,26,0.00536558151745865,0.045130215479686125
gcdPrimorial,3,512,0.4946521785767002,train,27,27,0.0013206489423870345,0.04462207824252827
gcdPrimorial,3,512,0.4946521785767002,holdout,26,26,0.00009297919542229505,0.05481198775128931
gcdPrimorial,3,1024,0.5496135317518891,train,27,27,0.002501109842719432,0.06316789747832458
gcdPrimorial,3,1024,0.5496135317518891,holdout,26,26,-0.00009467202318229767,0.07702785230397065
gcdPrimorial,3,2048,0.604574884927078,train,27,27,0.004432354457609431,0.08950532115513679
gcdPrimorial,3,2048,0.604574884927078,holdout,26,26,-0.0009199818103760262,0.10776560939731636
gcdPrimorial,3,4096,0.6595362381022669,train,27,27,0.007733403819043953,0.12636678476698526
gcdPrimorial,3,4096,0.6595362381022669,holdout,26,26,-0.0027615118445568267,0.15265428166804124
gcdPrimorial,3,8192,0.7144975912774558,train,27,27,0.010790097995079819,0.17929805535690155
gcdPrimorial,3,8192,0.7144975912774558,holdout,26,26,-0.005227556458417727,0.21516904491733443
gcdPrimorial,30,256,0.4396908254015113,train,7,7,-0.03988907849829352,0.042292913246290004
gcdPrimorial,30,256,0.4396908254015113,holdout,7,7,0.007648707947342762,0.06119070058069622
gcdPrimorial,30,512,0.4946521785767002,train,7,7,-0.03362858257291333,0.03944752107997131
gcdPrimorial,30,512,0.4946521785767002,holdout,7,7,0.00846110678342876,0.06259419570350254
gcdPrimorial,30,1024,0.5496135317518891,train,7,7,-0.0486179060665362,0.05628781351158474
gcdPrimorial,30,1024,0.5496135317518891,holdout,7,7,0.010197529354207436,0.08986839224564121
gcdPrimorial,30,2048,0.604574884927078,train,7,7,-0.06886220310156178,0.08041113762857492
gcdPrimorial,30,2048,0.604574884927078,holdout,7,7,0.011997731038173793,0.12698580975484347
gcdPrimorial,30,4096,0.6595362381022669,train,7,7,-0.09659231339594661,0.11243775285638227
gcdPrimorial,30,4096,0.6595362381022669,holdout,7,7,0.013918067226890754,0.18056669070626125
gcdPrimorial,30,8192,0.7144975912774558,train,7,7,-0.13508575036577586,0.1586325084259879
gcdPrimorial,30,8192,0.7144975912774558,holdout,7,7,0.020612871550566483,0.252860450025959
gcdPrimorial,33,256,0.4396908254015113,train,2,2,-0.009492320819112627,0.0013575002198547195
gcdPrimorial,33,256,0.4396908254015113,holdout,3,3,-0.0012087599544937423,0.035857332993840085
gcdPrimorial,33,512,0.4946521785767002,train,2,2,-0.028027416220107827,0.036217948717948686
gcdPrimorial,33,512,0.4946521785767002,holdout,3,3,-0.015159482986976546,0.015079880000238209
gcdPrimorial,33,1024,0.5496135317518891,train,2,2,-0.03825984589041096,0.05198869420752977
gcdPrimorial,33,1024,0.5496135317518891,holdout,3,3,-0.020797659817351596,0.019309524229122604
gcdPrimorial,33,2048,0.604574884927078,train,2,2,-0.05395182216849679,0.07168170103092783
gcdPrimorial,33,2048,0.604574884927078,holdout,3,3,-0.029386847542868782,0.029141338755320698
gcdPrimorial,33,4096,0.6595362381022669,train,2,2,-0.07888192041522492,0.09549917492452399
gcdPrimorial,33,4096,0.6595362381022669,holdout,3,3,-0.04406358131487889,0.04182644900093439
gcdPrimorial,33,8192,0.7144975912774558,train,2,2,-0.12196041302702186,0.12094298245614042
gcdPrimorial,33,8192,0.7144975912774558,holdout,3,3,-0.056832156865102984,0.05319142406052393
gcdPrimorial,330,256,0.4396908254015113,holdout,1,1,-0.03967576791808874,0
gcdPrimorial,330,512,0.4946521785767002,holdout,1,1,0.02069949338088824,0
gcdPrimorial,330,1024,0.5496135317518891,holdout,1,1,0.02889554794520548,0
gcdPrimorial,330,2048,0.604574884927078,holdout,1,1,0.043358888751881264,0
gcdPrimorial,330,4096,0.6595362381022669,holdout,1,1,0.0625,0
gcdPrimorial,330,8192,0.7144975912774558,holdout,1,1,0.08997778723322249,0
gcdPrimorial,35,256,0.4396908254015113,train,3,3,0.0039106939704209335,0.00032583729344111493
gcdPrimorial,35,256,0.4396908254015113,holdout,1,1,0.03732935153583618,0
gcdPrimorial,35,512,0.4946521785767002,train,3,3,-0.00015109119256123219,0.04720650819489211
gcdPrimorial,35,512,0.4946521785767002,holdout,1,1,0.026138776313092447,0
gcdPrimorial,35,1024,0.5496135317518891,train,3,3,-0.0009275114155251167,0.06624220360099423
gcdPrimorial,35,1024,0.5496135317518891,holdout,1,1,0.03488869863013699,0
gcdPrimorial,35,2048,0.604574884927078,train,3,3,-0.0020502451774094426,0.09345156238777047
gcdPrimorial,35,2048,0.604574884927078,holdout,1,1,0.04966149429725111,0
gcdPrimorial,35,4096,0.6595362381022669,train,3,3,-0.0044694348327566314,0.13209262998930846
gcdPrimorial,35,4096,0.6595362381022669,holdout,1,1,0.07390787197231834,0
gcdPrimorial,35,8192,0.7144975912774558,train,3,3,-0.0025973768826479393,0.1914424974197461
gcdPrimorial,35,8192,0.7144975912774558,holdout,1,1,0.10738408902887825,0
gcdPrimorial,385,256,0.4396908254015113,holdout,1,1,0.06975255972696245,0
gcdPrimorial,385,512,0.4946521785767002,holdout,1,1,0.050464458315450156,0
gcdPrimorial,385,1024,0.5496135317518891,holdout,1,1,0.0720248287671233,0
gcdPrimorial,385,2048,0.604574884927078,holdout,1,1,0.10220851884418955,0
gcdPrimorial,385,4096,0.6595362381022669,holdout,1,1,0.15014057093425606,0
gcdPrimorial,385,8192,0.7144975912774558,holdout,1,1,0.2191488286210278,0
gcdPrimorial,42,256,0.4396908254015113,train,5,5,-0.008660409556313994,0.03712235392155875
gcdPrimorial,42,256,0.4396908254015113,holdout,4,4,-0.024850682593856654,0.02352258989232477
gcdPrimorial,42,512,0.4946521785767002,train,5,5,0.017798542483712664,0.010007097160089967
gcdPrimorial,42,512,0.4946521785767002,holdout,4,4,-0.016582258383594804,0.029749589799489336
gcdPrimorial,42,1024,0.5496135317518891,train,5,5,0.02474315068493151,0.013361377187870256
gcdPrimorial,42,1024,0.5496135317518891,holdout,4,4,-0.024052868150684928,0.04135661109991696
gcdPrimorial,42,2048,0.604574884927078,train,5,5,0.03511234703830109,0.0174427189440473
gcdPrimorial,42,2048,0.604574884927078,holdout,4,4,-0.03318359787140477,0.05853182086567199
gcdPrimorial,42,4096,0.6595362381022669,train,5,5,0.049199826989619375,0.024037498423635725
gcdPrimorial,42,4096,0.6595362381022669,holdout,4,4,-0.04814554498269896,0.08464992685366317
gcdPrimorial,42,8192,0.7144975912774558,train,5,5,0.0664308212851572,0.03672280534061733
gcdPrimorial,42,8192,0.7144975912774558,holdout,4,4,-0.06862696158966487,0.11287366383668854
gcdPrimorial,462,256,0.4396908254015113,holdout,1,1,-0.07103242320819113,0
gcdPrimorial,462,512,0.4946521785767002,holdout,1,1,-0.04109680437665401,0
gcdPrimorial,462,1024,0.5496135317518891,holdout,1,1,-0.05918236301369863,0
gcdPrimorial,462,2048,0.604574884927078,holdout,1,1,-0.0866418424971919,0
gcdPrimorial,462,4096,0.6595362381022669,holdout,1,1,-0.12413494809688581,0
gcdPrimorial,462,8192,0.7144975912774558,holdout,1,1,-0.16367351042596512,0
gcdPrimorial,5,256,0.4396908254015113,train,13,13,-0.007958125492255184,0.03141939877134364
gcdPrimorial,5,256,0.4396908254015113,holdout,14,14,-0.012707215992198928,0.045017491220309715
gcdPrimorial,5,512,0.4946521785767002,train,13,13,0.008333260389723094,0.03531619112432301
gcdPrimorial,5,512,0.4946521785767002,holdout,14,14,-0.0014569507854118352,0.04636046171389417
gcdPrimorial,5,1024,0.5496135317518891,train,13,13,0.011146601685985247,0.04971709878377029
gcdPrimorial,5,1024,0.5496135317518891,holdout,14,14,-0.0019569471624266135,0.06562856924914033
gcdPrimorial,5,2048,0.604574884927078,train,13,13,0.015519947112184889,0.06996619761695715
gcdPrimorial,5,2048,0.604574884927078,holdout,14,14,-0.002598062010526772,0.09352002473038667
gcdPrimorial,5,4096,0.6595362381022669,train,13,13,0.02210873036997604,0.09857275337598687
gcdPrimorial,5,4096,0.6595362381022669,holdout,14,14,-0.002927273850716759,0.1331880062006486
gcdPrimorial,5,8192,0.7144975912774558,train,13,13,0.02775704250710351,0.14139958807697817
gcdPrimorial,5,8192,0.7144975912774558,holdout,14,14,-0.001201771393463978,0.19191549741409442
gcdPrimorial,55,256,0.4396908254015113,train,1,1,-0.016638225255972697,0
gcdPrimorial,55,256,0.4396908254015113,holdout,1,1,0.045648464163822525,0
gcdPrimorial,55,512,0.4946521785767002,train,1,1,0.0003021823851224681,0
gcdPrimorial,55,512,0.4946521785767002,holdout,1,1,0.014655845678439135,0
gcdPrimorial,55,1024,0.5496135317518891,train,1,1,-0.001605308219178082,0
gcdPrimorial,55,1024,0.5496135317518891,holdout,1,1,0.019798801369863013,0
gcdPrimorial,55,2048,0.604574884927078,train,1,1,-0.006226670538799076,0
gcdPrimorial,55,2048,0.604574884927078,holdout,1,1,0.027032862339176424,0
gcdPrimorial,55,4096,0.6595362381022669,train,1,1,-0.012489186851211073,0
gcdPrimorial,55,4096,0.6595362381022669,holdout,1,1,0.03373702422145329,0
gcdPrimorial,55,8192,0.7144975912774558,train,1,1,-0.0239578942309916,0
gcdPrimorial,55,8192,0.7144975912774558,holdout,1,1,0.03035441938975151,0
gcdPrimorial,6,256,0.4396908254015113,train,26,26,0.004906143344709897,0.04738161472868138
gcdPrimorial,6,256,0.4396908254015113,holdout,27,27,0.0049061433447098995,0.039130004256814586
gcdPrimorial,6,512,0.4946521785767002,train,26,26,0.0008484351582284268,0.03790738193303438
gcdPrimorial,6,512,0.4946521785767002,holdout,27,27,-0.0007106882020472634,0.04183737965523495
gcdPrimorial,6,1024,0.5496135317518891,train,26,26,0.0010455084299262386,0.053856961748218586
gcdPrimorial,6,1024,0.5496135317518891,holdout,27,27,-0.0009195839675291728,0.05963872895286255
gcdPrimorial,6,2048,0.604574884927078,train,26,26,0.0023977938613293152,0.07603758978411027
gcdPrimorial,6,2048,0.604574884927078,holdout,27,27,-0.0015440118002713248,0.08391892031116685
gcdPrimorial,6,4096,0.6595362381022669,train,26,26,0.004240001996273623,0.10798910952220923
gcdPrimorial,6,4096,0.6595362381022669,holdout,27,27,-0.0023668781237985385,0.11791960935431929
gcdPrimorial,6,8192,0.7144975912774558,train,26,26,0.005974563242692488,0.15292654676929163
gcdPrimorial,6,8192,0.7144975912774558,holdout,27,27,-0.003174571745458574,0.16891864311275978
gcdPrimorial,66,256,0.4396908254015113,train,3,3,0.007750284414106942,0.026459398393466286
gcdPrimorial,66,256,0.4396908254015113,holdout,2,2,0.029863481228668942,0.019910003224535896
gcdPrimorial,66,512,0.4946521785767002,train,3,3,0.012993842560265624,0.02015977798498359
gcdPrimorial,66,512,0.4946521785767002,holdout,2,2,0.025458865946566926,0.004594017094017057
gcdPrimorial,66,1024,0.5496135317518891,train,3,3,0.016766552511415525,0.029569514654127632
gcdPrimorial,66,1024,0.5496135317518891,holdout,2,2,0.037617722602739725,0.004162122534809515
gcdPrimorial,66,2048,0.604574884927078,train,3,3,0.02293237198435752,0.04431267969532474
gcdPrimorial,66,2048,0.604574884927078,holdout,2,2,0.05247108954036776,0.004510309278350468
gcdPrimorial,66,4096,0.6595362381022669,train,3,3,0.03144824106113033,0.06433544865200887
gcdPrimorial,66,4096,0.6595362381022669,holdout,2,2,0.07966587370242215,0.002026203471176849
gcdPrimorial,66,8192,0.7144975912774558,train,3,3,0.04266934560449517,0.0906517892093841
gcdPrimorial,66,8192,0.7144975912774558,holdout,2,2,0.11321849531005,0.005071271929824424
gcdPrimorial,7,256,0.4396908254015113,train,8,8,0.004772824232081911,0.02481798113820156
gcdPrimorial,7,256,0.4396908254015113,holdout,11,11,0.007911883338504499,0.02289657416565911
gcdPrimorial,7,512,0.4946521785767002,train,8,8,0.007535673228991266,0.04031506158259412
gcdPrimorial,7,512,0.4946521785767002,holdout,11,11,-0.002280103451378532,0.019670826270702903
gcdPrimorial,7,1024,0.5496135317518891,train,8,8,0.010648544520547944,0.056894482683484
gcdPrimorial,7,1024,0.5496135317518891,holdout,11,11,-0.002685242839352429,0.028166720693168643
gcdPrimorial,7,2048,0.604574884927078,train,8,8,0.01505411505264529,0.08149774390998958
gcdPrimorial,7,2048,0.604574884927078,holdout,11,11,-0.0037415248692118444,0.03998931086997105
gcdPrimorial,7,4096,0.6595362381022669,train,8,8,0.02233591046712803,0.11609943974481232
gcdPrimorial,7,4096,0.6595362381022669,holdout,11,11,-0.007628184963825102,0.057444965929796546
gcdPrimorial,7,8192,0.7144975912774558,train,8,8,0.031202443558526426,0.1724847773995478
gcdPrimorial,7,8192,0.7144975912774558,holdout,11,11,-0.01621862742733499,0.08087784497424859
gcdPrimorial,70,256,0.4396908254015113,train,2,2,-0.0008532423208191132,0.03770833944040889
gcdPrimorial,70,256,0.4396908254015113,holdout,3,3,-0.02332195676905575,0.05722822464498308
gcdPrimorial,70,512,0.4946521785767002,train,2,2,-0.03074705768620991,0.013141025641025665
gcdPrimorial,70,512,0.4946521785767002,holdout,3,3,-0.009418017669649876,0.01145141004092467
gcdPrimorial,70,1024,0.5496135317518891,train,2,2,-0.043610873287671235,0.01944846348083719
gcdPrimorial,70,1024,0.5496135317518891,holdout,3,3,-0.013448915525114154,0.018268985365012615
gcdPrimorial,70,2048,0.604574884927078,train,2,2,-0.06071003775329087,0.02432345360824744
gcdPrimorial,70,2048,0.604574884927078,holdout,3,3,-0.017692856530977855,0.030602090283195986
gcdPrimorial,70,4096,0.6595362381022669,train,2,2,-0.08363970588235295,0.02783162503805183
gcdPrimorial,70,4096,0.6595362381022669,holdout,3,3,-0.022671568627450983,0.03969332735843976
gcdPrimorial,70,8192,0.7144975912774558,train,2,2,-0.11263699302289,0.030838815789473693
gcdPrimorial,70,8192,0.7144975912774558,holdout,3,3,-0.034063111754527385,0.057810808099849675
gcdPrimorial,77,256,0.4396908254015113,train,1,1,-0.006825938566552901,0
gcdPrimorial,77,512,0.4946521785767002,train,1,1,-0.037621706947745845,0
gcdPrimorial,77,1024,0.5496135317518891,train,1,1,-0.053189212328767124,0
gcdPrimorial,77,2048,0.604574884927078,train,1,1,-0.07031581608448703,0
gcdPrimorial,77,4096,0.6595362381022669,train,1,1,-0.09250648788927336,0
gcdPrimorial,77,8192,0.7144975912774558,train,1,1,-0.10137523206155825,0
radBucket,1,256,0.4396908254015113,train,1,1,0.022397610921501707,0
radBucket,1,512,0.4946521785767002,train,1,1,-0.030369329704806856,0
radBucket,1,1024,0.5496135317518891,train,1,1,-0.04398544520547945,0
radBucket,1,2048,0.604574884927078,train,1,1,-0.06644313074938028,0
radBucket,1,4096,0.6595362381022669,train,1,1,-0.09985942906574395,0
radBucket,1,8192,0.7144975912774558,train,1,1,-0.16390611134082916,0
radBucket,128-255,256,0.4396908254015113,train,79,79,-0.002343716248325918,0.03654025538907231
radBucket,128-255,256,0.4396908254015113,holdout,31,31,-0.00019954860728834046,0.03625472269554194
radBucket,128-255,512,0.4946521785767002,train,79,79,-0.004310880354848201,0.040110502282112916
radBucket,128-255,512,0.4946521785767002,holdout,31,31,-0.005429535113329294,0.039683077717271434
radBucket,128-255,1024,0.5496135317518891,train,79,79,-0.006423942257672967,0.05664296085273725
radBucket,128-255,1024,0.5496135317518891,holdout,31,31,-0.007415488289880691,0.056212181188977244
radBucket,128-255,2048,0.604574884927078,train,79,79,-0.008661396762136217,0.08049118258929919
radBucket,128-255,2048,0.604574884927078,holdout,31,31,-0.01112325370444003,0.07958309635783536
radBucket,128-255,4096,0.6595362381022669,train,79,79,-0.011544747273443998,0.11378767291704209
radBucket,128-255,4096,0.6595362381022669,holdout,31,31,-0.014646584440227706,0.11180295384611422
radBucket,128-255,8192,0.7144975912774558,train,79,79,-0.01566228565340538,0.16336318840205094
radBucket,128-255,8192,0.7144975912774558,holdout,31,31,-0.02022877633784944,0.1569141565331267
radBucket,16-31,256,0.4396908254015113,train,25,25,-0.0010153583617747456,0.04566022795589269
radBucket,16-31,256,0.4396908254015113,holdout,12,12,0.008265784982935153,0.05102004834213053
radBucket,16-31,512,0.4946521785767002,train,25,25,0.0016740904135784135,0.04285364418492795
radBucket,16-31,512,0.4946521785767002,holdout,12,12,0.01595271174792299,0.04566593208442268
radBucket,16-31,1024,0.5496135317518891,train,25,25,0.002649828767123289,0.06120504326082755
radBucket,16-31,1024,0.5496135317518891,holdout,12,12,0.02188570205479452,0.06536628670280993
radBucket,16-31,2048,0.604574884927078,train,25,25,0.003915208938786342,0.0872641995420464
radBucket,16-31,2048,0.604574884927078,holdout,12,12,0.029608324645366696,0.09273118864741056
radBucket,16-31,4096,0.6595362381022669,train,25,25,0.004511245674740486,0.12272506772169028
radBucket,16-31,4096,0.6595362381022669,holdout,12,12,0.04137381055363322,0.13088384849748336
radBucket,16-31,8192,0.7144975912774558,train,25,25,0.004500052366235434,0.170568179537046
radBucket,16-31,8192,0.7144975912774558,holdout,12,12,0.057901474959825006,0.18254494840890095
radBucket,2-3,256,0.4396908254015113,train,13,13,0.00019690207403518222,0.05239416649157187
radBucket,2-3,256,0.4396908254015113,holdout,1,1,-0.02666382252559727,0
radBucket,2-3,512,0.4946521785767002,train,13,13,0.008124057200022954,0.031200005290939668
radBucket,2-3,512,0.4946521785767002,holdout,1,1,-0.00604364770244912,0
radBucket,2-3,1024,0.5496135317518891,train,13,13,0.011212460484720762,0.04391778173365155
radBucket,2-3,1024,0.5496135317518891,holdout,1,1,-0.007384417808219178,0
radBucket,2-3,2048,0.604574884927078,train,13,13,0.015122748616276513,0.061989286126088866
radBucket,2-3,2048,0.604574884927078,holdout,1,1,-0.008656590749062106,0
radBucket,2-3,4096,0.6595362381022669,train,13,13,0.019754791056694174,0.0894524025103439
radBucket,2-3,4096,0.6595362381022669,holdout,1,1,-0.01676038062283737,0
radBucket,2-3,8192,0.7144975912774558,train,13,13,0.026391257648030273,0.12637655535746384
radBucket,2-3,8192,0.7144975912774558,holdout,1,1,-0.03264166171924748,0
radBucket,256-511,256,0.4396908254015113,holdout,157,157,0.0007051477141801273,0.04155345935873295
radBucket,256-511,512,0.4946521785767002,holdout,157,157,-0.0009084718839350248,0.04028849785076984
radBucket,256-511,1024,0.5496135317518891,holdout,157,157,-0.0009870430154436767,0.05682652932167409
radBucket,256-511,2048,0.604574884927078,holdout,157,157,-0.0013058886480314942,0.08007750242285429
radBucket,256-511,4096,0.6595362381022669,holdout,157,157,-0.0017934674806603039,0.11403022898510985
radBucket,256-511,8192,0.7144975912774558,holdout,157,157,-0.0024556434164781805,0.16258607387578236
radBucket,32-63,256,0.4396908254015113,train,39,39,0.0038778769580817374,0.03827086023590819
radBucket,32-63,256,0.4396908254015113,holdout,15,15,0.0018629124004550634,0.0441297757514497
radBucket,32-63,512,0.4946521785767002,train,39,39,0.008201539862874859,0.044607442570481284
radBucket,32-63,512,0.4946521785767002,holdout,15,15,-0.005711247078814425,0.03786968306774374
radBucket,32-63,1024,0.5496135317518891,train,39,39,0.011925930804355464,0.06295194843479704
radBucket,32-63,1024,0.5496135317518891,holdout,15,15,-0.008390410958904112,0.05413637806637539
radBucket,32-63,2048,0.604574884927078,train,39,39,0.017400798813398143,0.08901425462468877
radBucket,32-63,2048,0.604574884927078,holdout,15,15,-0.011693991011890944,0.07761711364807639
radBucket,32-63,4096,0.6595362381022669,train,39,39,0.025559233874545298,0.1266978817647802
radBucket,32-63,4096,0.6595362381022669,holdout,15,15,-0.016904555940023065,0.11004628713615532
radBucket,32-63,8192,0.7144975912774558,train,39,39,0.03677678909460735,0.18342284800965117
radBucket,32-63,8192,0.7144975912774558,holdout,15,15,-0.021220956799425268,0.15298330137620092
radBucket,4-7,256,0.4396908254015113,train,19,19,0.009587749236572662,0.046813963368320916
radBucket,4-7,256,0.4396908254015113,holdout,6,6,0.003057451649601819,0.04898563417940336
radBucket,4-7,512,0.4946521785767002,train,19,19,0.015983857739372012,0.03338175476169551
radBucket,4-7,512,0.4946521785767002,holdout,6,6,0.015134301121549688,0.042368881835060795
radBucket,4-7,1024,0.5496135317518891,train,19,19,0.022344763878875268,0.04726026776511123
radBucket,4-7,1024,0.5496135317518891,holdout,6,6,0.02127925228310502,0.05927892849664671
radBucket,4-7,2048,0.604574884927078,train,19,19,0.031904692497582134,0.06689298131336123
radBucket,4-7,2048,0.604574884927078,holdout,6,6,0.02974121090686535,0.08226119790043657
radBucket,4-7,4096,0.6595362381022669,train,19,19,0.04567986250227646,0.09456043985819167
radBucket,4-7,4096,0.6595362381022669,holdout,6,6,0.04027897923875432,0.11440293022008875
radBucket,4-7,8192,0.7144975912774558,train,19,19,0.06193917519759934,0.1351452713708009
radBucket,4-7,8192,0.7144975912774558,holdout,6,6,0.05407971270587905,0.16404332402333566
radBucket,64-127,256,0.4396908254015113,train,55,55,-0.005549953459509771,0.03855161028898908
radBucket,64-127,256,0.4396908254015113,holdout,27,27,0.0023622171659714317,0.039058466448810863
radBucket,64-127,512,0.4946521785767002,train,55,55,-0.008178154186450475,0.03578480478480673
radBucket,64-127,512,0.4946521785767002,holdout,27,27,0.013905985685727833,0.0395629622124382
radBucket,64-127,1024,0.5496135317518891,train,55,55,-0.011577677459526774,0.05066688469132222
radBucket,64-127,1024,0.5496135317518891,holdout,27,27,0.019196315322171482,0.05655589586045309
radBucket,64-127,2048,0.604574884927078,train,55,55,-0.01636330359774867,0.0719684843822787
radBucket,64-127,2048,0.604574884927078,holdout,27,27,0.02661662600686286,0.08013623879687143
radBucket,64-127,4096,0.6595362381022669,train,55,55,-0.02336131645171437,0.10305533466640723
radBucket,64-127,4096,0.6595362381022669,holdout,27,27,0.037379453415353064,0.11346204292394596
radBucket,64-127,8192,0.7144975912774558,train,55,55,-0.03288624510548322,0.1461336168730637
radBucket,64-127,8192,0.7144975912774558,holdout,27,27,0.05218301018405597,0.16257404186500973
radBucket,8-15,256,0.4396908254015113,train,25,25,0.005179180887372015,0.037601978621590475
radBucket,8-15,256,0.4396908254015113,holdout,7,7,0.0011274987810823997,0.05204788564411056
radBucket,8-15,512,0.4946521785767002,train,25,25,-0.008811638350170826,0.029233338531057567
radBucket,8-15,512,0.4946521785767002,holdout,7,7,0.0035614352532289404,0.035047387939707055
radBucket,8-15,1024,0.5496135317518891,train,25,25,-0.012392979452054793,0.040935732643717505
radBucket,8-15,1024,0.5496135317518891,holdout,7,7,0.005320450097847359,0.05007478036127313
radBucket,8-15,2048,0.604574884927078,train,25,25,-0.017352667701541015,0.05774427933862485
radBucket,8-15,2048,0.604574884927078,holdout,7,7,0.007343999921196833,0.06962261123949681
radBucket,8-15,4096,0.6595362381022669,train,25,25,-0.02433391003460208,0.08360637256102314
radBucket,8-15,4096,0.6595362381022669,holdout,7,7,0.012411950074147306,0.09677815917573622
radBucket,8-15,8192,0.7144975912774558,train,25,25,-0.03308205278472325,0.12194865409532922
radBucket,8-15,8192,0.7144975912774558,holdout,7,7,0.022163544316326455,0.13964241929724813
oddpartBucket,1,256,0.4396908254015113,train,8,8,-0.01327858361774744,0.03934471378602977
oddpartBucket,1,256,0.4396908254015113,holdout,1,1,-0.02666382252559727,0
oddpartBucket,1,512,0.4946521785767002,train,8,8,-0.012389477790020715,0.02491781257891424
oddpartBucket,1,512,0.4946521785767002,holdout,1,1,-0.00604364770244912,0
oddpartBucket,1,1024,0.5496135317518891,train,8,8,-0.01764501284246575,0.03434349425170766
oddpartBucket,1,1024,0.5496135317518891,holdout,1,1,-0.007384417808219178,0
oddpartBucket,1,2048,0.604574884927078,train,8,8,-0.026415890410789306,0.047976271085204324
oddpartBucket,1,2048,0.604574884927078,holdout,1,1,-0.008656590749062106,0
oddpartBucket,1,4096,0.6595362381022669,train,8,8,-0.039947826557093426,0.07213754718966453
oddpartBucket,1,4096,0.6595362381022669,holdout,1,1,-0.01676038062283737,0
oddpartBucket,1,8192,0.7144975912774558,train,8,8,-0.058765651969909974,0.10976832383041357
oddpartBucket,1,8192,0.7144975912774558,holdout,1,1,-0.03264166171924748,0
oddpartBucket,128-255,256,0.4396908254015113,train,64,64,0.0009998933447098975,0.03803380512300786
oddpartBucket,128-255,256,0.4396908254015113,holdout,64,64,-0.008072472269624573,0.03850901850591361
oddpartBucket,128-255,512,0.4946521785767002,train,64,64,-0.005014338953125751,0.0424806383874398
oddpartBucket,128-255,512,0.4946521785767002,holdout,64,64,-0.0005004895753590713,0.035781587716376004
oddpartBucket,128-255,1024,0.5496135317518891,train,64,64,-0.0072974636130137,0.060029146885571094
oddpartBucket,128-255,1024,0.5496135317518891,holdout,64,64,-0.0005167085830479457,0.05061650287877465
oddpartBucket,128-255,2048,0.604574884927078,train,64,64,-0.010023420867335087,0.08547890466478632
oddpartBucket,128-255,2048,0.604574884927078,holdout,64,64,-0.0011093629866191163,0.07147576545161925
oddpartBucket,128-255,4096,0.6595362381022669,train,64,64,-0.013881379757785469,0.12099915680538958
oddpartBucket,128-255,4096,0.6595362381022669,holdout,64,64,-0.0025030749891868515,0.10184373911077099
oddpartBucket,128-255,8192,0.7144975912774558,train,64,64,-0.019288915450336147,0.1732479476536223
oddpartBucket,128-255,8192,0.7144975912774558,holdout,64,64,-0.004066881620825191,0.14439221365496777
oddpartBucket,16-31,256,0.4396908254015113,train,32,32,0.010378892918088736,0.048210706255319015
oddpartBucket,16-31,256,0.4396908254015113,holdout,8,8,0.018957977815699665,0.060668708816768925
oddpartBucket,16-31,512,0.4946521785767002,train,32,32,0.01885806947154827,0.04828758547827322
oddpartBucket,16-31,512,0.4946521785767002,holdout,8,8,0.005986988505238659,0.04908732960954115
oddpartBucket,16-31,1024,0.5496135317518891,train,32,32,0.027226696275684935,0.06840671837354516
oddpartBucket,16-31,1024,0.5496135317518891,holdout,8,8,0.008468000856164386,0.07033369468129644
oddpartBucket,16-31,2048,0.604574884927078,train,32,32,0.03927263621079441,0.09716252719667261
oddpartBucket,16-31,2048,0.604574884927078,holdout,8,8,0.013032345502699837,0.09982566044912469
oddpartBucket,16-31,4096,0.6595362381022669,train,32,32,0.055765435769896204,0.13858149261676844
oddpartBucket,16-31,4096,0.6595362381022669,holdout,8,8,0.01970020544982699,0.13980186013109966
oddpartBucket,16-31,8192,0.7144975912774558,train,32,32,0.07924422418272756,0.19905464001087625
oddpartBucket,16-31,8192,0.7144975912774558,holdout,8,8,0.03679940307244128,0.1963276836367887
oddpartBucket,2-3,256,0.4396908254015113,train,8,8,-0.0013331911262798608,0.053332246266637934
oddpartBucket,2-3,256,0.4396908254015113,holdout,1,1,-0.06079351535836178,0
oddpartBucket,2-3,512,0.4946521785767002,train,8,8,-0.008971039558322923,0.029928692084172977
oddpartBucket,2-3,512,0.4946521785767002,holdout,1,1,-0.04306098987995002,0
oddpartBucket,2-3,1024,0.5496135317518891,train,8,8,-0.012909353595890412,0.04222449137073391
oddpartBucket,2-3,1024,0.5496135317518891,holdout,1,1,-0.061215753424657536,0
oddpartBucket,2-3,2048,0.604574884927078,train,8,8,-0.017427084007980327,0.05994544043349559
oddpartBucket,2-3,2048,0.604574884927078,holdout,1,1,-0.08512314236577762,0
oddpartBucket,2-3,4096,0.6595362381022669,train,8,8,-0.023052281574394463,0.08639488349095123
oddpartBucket,2-3,4096,0.6595362381022669,holdout,1,1,-0.11721453287197232,0
oddpartBucket,2-3,8192,0.7144975912774558,train,8,8,-0.03170641220739844,0.1265739137413809
oddpartBucket,2-3,8192,0.7144975912774558,holdout,1,1,-0.17154317471219682,0
oddpartBucket,256-511,256,0.4396908254015113,holdout,128,128,0.0032413209257679183,0.041755074922004747
oddpartBucket,256-511,512,0.4946521785767002,holdout,128,128,0.00024316238802822923,0.040907496651141746
oddpartBucket,256-511,1024,0.5496135317518891,holdout,128,128,0.0005986461900684924,0.05763750572087749
oddpartBucket,256-511,2048,0.604574884927078,holdout,128,128,0.0008910498427283033,0.08120090366513609
oddpartBucket,256-511,4096,0.6595362381022669,holdout,128,128,0.0014226048875432534,0.11522604295711536
oddpartBucket,256-511,8192,0.7144975912774558,holdout,128,128,0.0022381780740168347,0.16392775833228554
oddpartBucket,32-63,256,0.4396908254015113,train,48,48,-0.0031774388509670085,0.035278852772745076
oddpartBucket,32-63,256,0.4396908254015113,holdout,16,16,0.013385238907849827,0.02964362226244896
oddpartBucket,32-63,512,0.4946521785767002,train,48,48,0.0021908222921378064,0.031518947150096496
oddpartBucket,32-63,512,0.4946521785767002,holdout,16,16,0.017384930344076302,0.040445373609002334
oddpartBucket,32-63,1024,0.5496135317518891,train,48,48,0.002744631135844748,0.044871369553042446
oddpartBucket,32-63,1024,0.5496135317518891,holdout,16,16,0.02399266909246575,0.05815983036650815
oddpartBucket,32-63,2048,0.604574884927078,train,48,48,0.0034107473784681917,0.06344603188859113
oddpartBucket,32-63,2048,0.604574884927078,holdout,16,16,0.03444127141773233,0.08245365997727488
oddpartBucket,32-63,4096,0.6595362381022669,train,48,48,0.00441649545847751,0.09039736326169245
oddpartBucket,32-63,4096,0.6595362381022669,holdout,16,16,0.04901059688581315,0.11820736890373544
oddpartBucket,32-63,8192,0.7144975912774558,train,48,48,0.005314284790989901,0.12939764594932554
oddpartBucket,32-63,8192,0.7144975912774558,holdout,16,16,0.06812541586698931,0.16985804075461353
oddpartBucket,4-7,256,0.4396908254015113,train,12,12,-0.009101251422070534,0.0296660472704924
oddpartBucket,4-7,256,0.4396908254015113,holdout,2,2,-0.029436860068259386,0.07179667829453854
oddpartBucket,4-7,512,0.4946521785767002,train,12,12,-0.015272801381397465,0.02680801208729006
oddpartBucket,4-7,512,0.4946521785767002,holdout,2,2,-0.024703409983760798,0.04049145299145298
oddpartBucket,4-7,1024,0.5496135317518891,train,12,12,-0.0207709046803653,0.03731449810444838
oddpartBucket,4-7,1024,0.5496135317518891,holdout,2,2,-0.03590539383561644,0.05834539044251157
oddpartBucket,4-7,2048,0.604574884927078,train,12,12,-0.02835539703694981,0.053144735287727486
oddpartBucket,4-7,2048,0.604574884927078,holdout,2,2,-0.051256129435236164,0.0793599656357388
oddpartBucket,4-7,4096,0.6595362381022669,train,12,12,-0.03922469723183391,0.07658042082293835
oddpartBucket,4-7,4096,0.6595362381022669,holdout,2,2,-0.06847426470588235,0.10838277058087491
oddpartBucket,4-7,8192,0.7144975912774558,train,12,12,-0.05565623001773499,0.10611304621296963
oddpartBucket,4-7,8192,0.7144975912774558,holdout,2,2,-0.10182105048171436,0.15726425438596497
oddpartBucket,64-127,256,0.4396908254015113,train,64,64,0.0008299114761092154,0.039013527703301874
oddpartBucket,64-127,256,0.4396908254015113,holdout,32,32,0.004706164675767918,0.04251450218860959
oddpartBucket,64-127,512,0.4946521785767002,train,64,64,-0.004792423764051458,0.035493721915057654
oddpartBucket,64-127,512,0.4946521785767002,holdout,32,32,0.0021436062944624242,0.045554714928261734
oddpartBucket,64-127,1024,0.5496135317518891,train,64,64,-0.006800821382705479,0.04995813928705752
oddpartBucket,64-127,1024,0.5496135317518891,holdout,32,32,0.003120317851027397,0.06452756541676899
oddpartBucket,64-127,2048,0.604574884927078,train,64,64,-0.008999484763108018,0.07070687597496192
oddpartBucket,64-127,2048,0.604574884927078,holdout,32,32,0.003630642501662549,0.09096003752881843
oddpartBucket,64-127,4096,0.6595362381022669,train,64,64,-0.011576827422145334,0.10054332825766665
oddpartBucket,64-127,4096,0.6595362381022669,holdout,32,32,0.006394963775951556,0.12795990274023683
oddpartBucket,64-127,8192,0.7144975912774558,train,64,64,-0.014724728227679366,0.14241395185242828
oddpartBucket,64-127,8192,0.7144975912774558,holdout,32,32,0.009963072520007834,0.18038880804860782
oddpartBucket,8-15,256,0.4396908254015113,train,20,20,-0.004927474402730376,0.04420913541293388
oddpartBucket,8-15,256,0.4396908254015113,holdout,4,4,0.006665955631399317,0.02019243140685617
oddpartBucket,8-15,512,0.4946521785767002,train,20,20,0.00015864575218928618,0.041724974917428076
oddpartBucket,8-15,512,0.4946521785767002,holdout,4,4,-0.0038150526121710293,0.030536965386597944
oddpartBucket,8-15,1024,0.5496135317518891,train,20,20,-0.00017123287671232877,0.059266669625358974
oddpartBucket,8-15,1024,0.5496135317518891,holdout,4,4,-0.0067155393835616455,0.04496929691429006
oddpartBucket,8-15,2048,0.604574884927078,train,20,20,-0.000858065574249136,0.08398194224712051
oddpartBucket,8-15,2048,0.604574884927078,holdout,4,4,-0.012092649796387231,0.06547427781702968
oddpartBucket,8-15,4096,0.6595362381022669,train,20,20,-0.0031628460207612425,0.11849068331725382
oddpartBucket,8-15,4096,0.6595362381022669,holdout,4,4,-0.017260488754325256,0.09149820000808784
oddpartBucket,8-15,8192,0.7144975912774558,train,20,20,-0.009633554557283791,0.1682950523911307
oddpartBucket,8-15,8192,0.7144975912774558,holdout,4,4,-0.025450416768035566,0.12303177410010051
mod3,0,256,0.4396908254015113,train,85,85,-0.00037141136318008435,0.043624107876652635
mod3,0,256,0.4396908254015113,holdout,85,85,0.00038395904436860044,0.04170548251790543
mod3,0,512,0.4946521785767002,train,85,85,-0.0019037490262714743,0.03909774874660636
mod3,0,512,0.4946521785767002,holdout,85,85,-0.0012958291691427723,0.044592185216147925
mod3,0,1024,0.5496135317518891,train,85,85,-0.002587379129734086,0.055429363482217955
mod3,0,1024,0.5496135317518891,holdout,85,85,-0.0019515511684125718,0.06309361857721715
mod3,0,2048,0.604574884927078,train,85,85,-0.0028899970147797578,0.07860726794262414
mod3,0,2048,0.604574884927078,holdout,85,85,-0.003169616509563713,0.08859921320225592
mod3,0,4096,0.6595362381022669,train,85,85,-0.003275748015469164,0.11152235866026138
mod3,0,4096,0.6595362381022669,holdout,85,85,-0.005095537349888052,0.12541959725420984
mod3,0,8192,0.7144975912774558,train,85,85,-0.00506477090110721,0.15830054402983915
mod3,0,8192,0.7144975912774558,holdout,85,85,-0.007032757072946676,0.17728471245841937
mod3,1,256,0.4396908254015113,train,86,86,-0.005749464243193903,0.03442322123047269
mod3,1,256,0.4396908254015113,holdout,85,85,0.0013049588436057013,0.04049728741203226
mod3,1,512,0.4946521785767002,train,86,86,-0.004390428955936154,0.03785972915652945
mod3,1,512,0.4946521785767002,holdout,85,85,0.0017775434418968036,0.03507768372025236
mod3,1,1024,0.5496135317518891,train,86,86,-0.006464787750876076,0.05346339197749637
mod3,1,1024,0.5496135317518891,holdout,85,85,0.0027195809830781624,0.04956505255230175
mod3,1,2048,0.604574884927078,train,86,86,-0.009551917454442466,0.07566125529994977
mod3,1,2048,0.604574884927078,holdout,85,85,0.003892339101513272,0.07008887308314625
mod3,1,4096,0.6595362381022669,train,86,86,-0.014492762734368714,0.1074030504132974
mod3,1,4096,0.6595362381022669,holdout,85,85,0.006505063097903523,0.099492283406652
mod3,1,8192,0.7144975912774558,train,86,86,-0.022120978091319507,0.1549827293384618
mod3,1,8192,0.7144975912774558,holdout,85,85,0.011243745792435455,0.14244347130927082
mod3,2,256,0.4396908254015113,train,85,85,0.005859767115037142,0.04019681141105013
mod3,2,256,0.4396908254015113,holdout,86,86,0.0017610524644813082,0.04203584677225501
mod3,2,512,0.4946521785767002,train,85,85,0.003169359956901992,0.039329633047277573
mod3,2,512,0.4946521785767002,holdout,86,86,0.002779375193393757,0.04063576423439678
mod3,2,1024,0.5496135317518891,train,85,85,0.004464645447219985,0.05555964940514484
mod3,2,1024,0.5496135317518891,holdout,86,86,0.004214867394074545,0.05746780602972046
mod3,2,2048,0.604574884927078,train,85,85,0.006610812336745046,0.07903954839694981
mod3,2,2048,0.604574884927078,holdout,86,86,0.005912334930203989,0.08142409891439499
mod3,2,4096,0.6595362381022669,train,85,85,0.010047323427640949,0.11248520996392772
mod3,2,4096,0.6595362381022669,holdout,86,86,0.008238739237144925,0.11551014053619614
mod3,2,8192,0.7144975912774558,train,85,85,0.016030763836381558,0.15977622087443885
mod3,2,8192,0.7144975912774558,holdout,86,86,0.010021673525690588,0.16390345118323804
mod4,0,256,0.4396908254015113,train,64,64,-0.0024830684726962456,0.04535712970685996
mod4,0,256,0.4396908254015113,holdout,64,64,0.006199338737201364,0.04210050865966656
mod4,0,512,0.4946521785767002,train,64,64,-0.0016383951193358237,0.04205216183189936
mod4,0,512,0.4946521785767002,holdout,64,64,0.004388726983926921,0.043164512313868336
mod4,0,1024,0.5496135317518891,train,64,64,-0.0022691700556506833,0.05940463914616453
mod4,0,1024,0.5496135317518891,holdout,64,64,0.006003183861301371,0.061497841689620886
mod4,0,2048,0.604574884927078,train,64,64,-0.0029899408837220985,0.08398073936764805
mod4,0,2048,0.604574884927078,holdout,64,64,0.008231829306057132,0.08701054352470514
mod4,0,4096,0.6595362381022669,train,64,64,-0.003953557525951553,0.11961391149966691
mod4,0,4096,0.6595362381022669,holdout,64,64,0.012600697448096889,0.12267706197986578
mod4,0,8192,0.7144975912774558,train,64,64,-0.00429827107259093,0.17128576055094968
mod4,0,8192,0.7144975912774558,holdout,64,64,0.018649868666009286,0.1737220825075623
mod4,1,256,0.4396908254015113,train,64,64,-0.003066339590443686,0.0350563050190934
mod4,1,256,0.4396908254015113,holdout,64,64,-0.0026963790529010243,0.045335022493733355
mod4,1,512,0.4946521785767002,train,64,64,-0.002599240672029873,0.0418852056999846
mod4,1,512,0.4946521785767002,holdout,64,64,-0.0008711351571108248,0.040661680889290674
mod4,1,1024,0.5496135317518891,train,64,64,-0.0037791630993150695,0.05945988274435938
mod4,1,1024,0.5496135317518891,holdout,64,64,-0.0010635166952054787,0.05701160053596045
mod4,1,2048,0.604574884927078,train,64,64,-0.0055883418898139536,0.08449559969932822
mod4,1,2048,0.604574884927078,holdout,64,64,-0.0017180295236625528,0.08018663244492583
mod4,1,4096,0.6595362381022669,train,64,64,-0.00749993241782007,0.11911635693214505
mod4,1,4096,0.6595362381022669,holdout,64,64,-0.002207402951989618,0.1133855670356338
mod4,1,8192,0.7144975912774558,train,64,64,-0.012127957076580539,0.1702506162716388
mod4,1,8192,0.7144975912774558,holdout,64,64,-0.0022266691745834533,0.1623074569328255
mod4,2,256,0.4396908254015113,train,64,64,-0.00015331697952218414,0.03970507353337564
mod4,2,256,0.4396908254015113,holdout,64,64,-0.008072472269624573,0.03850901850591361
mod4,2,512,0.4946521785767002,train,64,64,0.0007011575654794468,0.03329571421641223
mod4,2,512,0.4946521785767002,holdout,64,64,-0.0005004895753590713,0.035781587716376004
mod4,2,1024,0.5496135317518891,train,64,64,0.0007993097174657515,0.04741976297329539
mod4,2,1024,0.5496135317518891,holdout,64,64,-0.0005167085830479457,0.05061650287877465
mod4,2,2048,0.604574884927078,train,64,64,0.00168955389619853,0.06762170171679778
mod4,2,2048,0.604574884927078,holdout,64,64,-0.0011093629866191163,0.07147576545161925
mod4,2,4096,0.6595362381022669,train,64,64,0.0028198664576124565,0.09590323724520981
mod4,2,4096,0.6595362381022669,holdout,64,64,-0.0025030749891868515,0.10184373911077099
mod4,2,8192,0.7144975912774558,train,64,64,0.003912420075798315,0.13665978217615962
mod4,2,8192,0.7144975912774558,holdout,64,64,-0.004066881620825191,0.14439221365496777
mod4,3,256,0.4396908254015113,train,64,64,0.005266104948805464,0.03841183123921312
mod4,3,256,0.4396908254015113,holdout,64,64,0.009179020904436857,0.0372525284418551
mod4,3,512,0.4946521785767002,train,64,64,-0.0006822711664092958,0.03791221618542307
mod4,3,512,0.4946521785767002,holdout,64,64,0.0013574599331672844,0.041442898189202854
mod4,3,1024,0.5496135317518891,train,64,64,-0.0009447907748287667,0.05317449947066447
mod4,3,1024,0.5496135317518891,holdout,64,64,0.002260809075342465,0.05865969415832265
mod4,3,2048,0.604574884927078,train,64,64,-0.0010049523525843874,0.0753475595154984
mod4,3,2048,0.604574884927078,holdout,64,64,0.0035001292091191554,0.08275328937004592
mod4,3,4096,0.6595362381022669,train,64,64,-0.0018475278438581295,0.10805743561058878
mod4,3,4096,0.6595362381022669,holdout,64,64,0.005052612727076125,0.11782092170470725
mod4,3,8192,0.7144975912774558,train,64,64,-0.002647046869676194,0.1539998230588417
mod4,3,8192,0.7144975912774558,holdout,64,64,0.006703025322617118,0.16669418512794731
mod5,0,256,0.4396908254015113,train,51,51,-0.009875025095362373,0.03849438201086886
mod5,0,256,0.4396908254015113,holdout,51,51,0.001049822659439201,0.04540211033734746
mod5,0,512,0.4946521785767002,train,51,51,-0.00840481790776871,0.035019352747126364
mod5,0,512,0.4946521785767002,holdout,51,51,0.005602224414378081,0.041223390963631444
mod5,0,1024,0.5496135317518891,train,51,51,-0.01233044587698093,0.04933797371708588
mod5,0,1024,0.5496135317518891,holdout,51,51,0.007774728041901696,0.05870973958375138
mod5,0,2048,0.604574884927078,train,51,51,-0.0171821563887473,0.06992278490847284
mod5,0,2048,0.604574884927078,holdout,51,51,0.010540076696355477,0.08340991751902484
mod5,0,4096,0.6595362381022669,train,51,51,-0.023466653097225055,0.09934802048395018
mod5,0,4096,0.6595362381022669,holdout,51,51,0.014909423977203322,0.11873274201020304
mod5,0,8192,0.7144975912774558,train,51,51,-0.03257553008659,0.14204169290919405
mod5,0,8192,0.7144975912774558,holdout,51,51,0.02137191935397421,0.16839408280121668
mod5,1,256,0.4396908254015113,train,52,52,0.0007178721449199264,0.03823715081860658
mod5,1,256,0.4396908254015113,holdout,51,51,0.008089071806196883,0.04253611604800336
mod5,1,512,0.4946521785767002,train,52,52,-0.002792281462525769,0.04369577951416891
mod5,1,512,0.4946521785767002,holdout,51,51,0.008846241195839743,0.038144997443675145
mod5,1,1024,0.5496135317518891,train,52,52,-0.004099710221285565,0.062167885476770886
mod5,1,1024,0.5496135317518891,holdout,51,51,0.012672491941982273,0.053875343610914075
mod5,1,2048,0.604574884927078,train,52,52,-0.005771060499374735,0.08828479541925247
mod5,1,2048,0.604574884927078,holdout,51,51,0.01750525239709723,0.07612639246827894
mod5,1,4096,0.6595362381022669,train,52,52,-0.008310528679797714,0.1248626869193436
mod5,1,4096,0.6595362381022669,holdout,51,51,0.024987914716059424,0.1076729880898937
mod5,1,8192,0.7144975912774558,train,52,52,-0.012340522255588848,0.17998841110065184
mod5,1,8192,0.7144975912774558,holdout,51,51,0.03558413930564782,0.1520987326929299
mod5,2,256,0.4396908254015113,train,51,51,0.001405340293113833,0.04424191385343676
mod5,2,256,0.4396908254015113,holdout,52,52,-0.005234313468101864,0.03872073436633567
mod5,2,512,0.4946521785767002,train,51,51,0.001552387939256534,0.04071401722750265
mod5,2,512,0.4946521785767002,holdout,52,52,-0.005282380539929087,0.03616797402687259
mod5,2,1024,0.5496135317518891,train,51,51,0.0025139336556540405,0.05745554926283013
mod5,2,1024,0.5496135317518891,holdout,52,52,-0.007252700210748155,0.05134318232984224
mod5,2,2048,0.604574884927078,train,51,51,0.004314895079253872,0.08156790055649381
mod5,2,2048,0.604574884927078,holdout,52,52,-0.010132942511427483,0.0724118438760393
mod5,2,4096,0.6595362381022669,train,51,51,0.006205899314743199,0.11681521524275297
mod5,2,4096,0.6595362381022669,holdout,52,52,-0.014808815211605007,0.10334625852880802
mod5,2,8192,0.7144975912774558,train,51,51,0.00820488325177117,0.16704785745410763
mod5,2,8192,0.7144975912774558,holdout,52,52,-0.022155982656548376,0.14896923092024375
mod5,3,256,0.4396908254015113,train,51,51,0.0009368935287425559,0.03596619004974766
mod5,3,256,0.4396908254015113,holdout,51,51,-0.0034129692832764505,0.03766719378559889
mod5,3,512,0.4946521785767002,train,51,51,0.002858882369050684,0.03497829758175564
mod5,3,512,0.4946521785767002,holdout,51,51,-0.005400769490963107,0.044178598026361336
mod5,3,1024,0.5496135317518891,train,51,51,0.004041599516518938,0.04920177987636441
mod5,3,1024,0.5496135317518891,holdout,51,51,-0.007233329975825948,0.06228654797945629
mod5,3,2048,0.604574884927078,train,51,51,0.005677258432434426,0.0694892950824741
mod5,3,2048,0.604574884927078,holdout,51,51,-0.009867084089101233,0.08750272738317884
mod5,3,4096,0.6595362381022669,train,51,51,0.008100320578058215,0.09858628643569899
mod5,3,4096,0.6595362381022669,holdout,51,51,-0.012789198724472489,0.12371271656892344
mod5,3,8192,0.7144975912774558,train,51,51,0.011880129733364034,0.14002289822683653
mod5,3,8192,0.7144975912774558,holdout,51,51,-0.015895155982748408,0.17537706851625348
mod5,4,256,0.4396908254015113,train,51,51,0.006252927792277321,0.04092321069497663
mod5,4,256,0.4396908254015113,holdout,51,51,0.005395502911062036,0.0416299038719341
mod5,4,512,0.4946521785767002,train,51,51,0.0015464627944502165,0.03887792872034
mod5,4,512,0.4946521785767002,holdout,51,51,0.0018279071727505395,0.04027371666599278
mod5,4,1024,0.5496135317518891,train,51,51,0.0021823798012355635,0.05500059523373566
mod5,4,1024,0.5496135317518891,holdout,51,51,0.002568493150684935,0.0567523457300734
mod5,4,2048,0.604574884927078,train,51,51,0.003168425372205752,0.07832187787708454
mod5,4,2048,0.604574884927078,holdout,51,51,0.003327739993834507,0.08008494704647874
mod5,4,4096,0.6595362381022669,train,51,51,0.004481096071646655,0.11142259655321793
mod5,4,4096,0.6595362381022669,holdout,51,51,0.004233029717077142,0.11315901584701231
mod5,4,8192,0.7144975912774558,train,51,51,0.006047623786463869,0.15786342739041379
mod5,4,8192,0.7144975912774558,holdout,51,51,0.005447118156586248,0.15997319270153362
mod8,0,256,0.4396908254015113,train,32,32,-0.005152783703071673,0.044368835871937344
mod8,0,256,0.4396908254015113,holdout,32,32,0.007692512798634814,0.04230834054273777
mod8,0,512,0.4946521785767002,train,32,32,-0.0037631150147280907,0.041815044768106706
mod8,0,512,0.4946521785767002,holdout,32,32,0.006633847673391413,0.04124092974266409
mod8,0,1024,0.5496135317518891,train,32,32,-0.005180463398972601,0.059266483567802945
mod8,0,1024,0.5496135317518891,holdout,32,32,0.00888604987157534,0.05920307294703862
mod8,0,2048,0.604574884927078,train,32,32,-0.0072517931275037735,0.08387737587713122
mod8,0,2048,0.604574884927078,holdout,32,32,0.01283301611045172,0.08407409654318422
mod8,0,4096,0.6595362381022669,train,32,32,-0.010439757244809689,0.11930371223144748
mod8,0,4096,0.6595362381022669,holdout,32,32,0.018806431120242217,0.11887620647391753
mod8,0,8192,0.7144975912774558,train,32,32,-0.013522351102666268,0.17167675721503656
mod8,0,8192,0.7144975912774558,holdout,32,32,0.027336664812010733,0.16922275369455114
mod8,1,256,0.4396908254015113,train,32,32,-0.00829911476109215,0.037031290638360755
mod8,1,256,0.4396908254015113,holdout,32,32,-0.0064793088737201375,0.043759345703034094
mod8,1,512,0.4946521785767002,train,32,32,0.001699775916313815,0.039669126474480905
mod8,1,512,0.4946521785767002,holdout,32,32,-0.006275006091058496,0.04635206544518639
mod8,1,1024,0.5496135317518891,train,32,32,0.0020568011558219166,0.05654414338764709
mod8,1,1024,0.5496135317518891,holdout,32,32,-0.008845917166095892,0.06488225007319187
mod8,1,2048,0.604574884927078,train,32,32,0.0018651535988933121,0.08073762439130885
mod8,1,2048,0.604574884927078,holdout,32,32,-0.012173330740868613,0.09108546691501739
mod8,1,4096,0.6595362381022669,train,32,32,0.001562837910899653,0.11434411538624771
mod8,1,4096,0.6595362381022669,holdout,32,32,-0.016505257893598614,0.1289363782307094
mod8,1,8192,0.7144975912774558,train,32,32,-0.0031994740424781875,0.16420192985955412
mod8,1,8192,0.7144975912774558,holdout,32,32,-0.02338244925932284,0.18613940828579467
mod8,2,256,0.4396908254015113,train,32,32,-0.005432753839590444,0.042468008556686934
mod8,2,256,0.4396908254015113,holdout,32,32,-0.006959257679180888,0.03836235452703479
mod8,2,512,0.4946521785767002,train,32,32,-0.0030265454509921064,0.033397129280607965
mod8,2,512,0.4946521785767002,holdout,32,32,0.0007224047644333704,0.03543740739067766
mod8,2,1024,0.5496135317518891,train,32,32,-0.005009899400684931,0.04773362919448596
mod8,2,1024,0.5496135317518891,holdout,32,32,0.0017056399828767133,0.05026051360383288
mod8,2,2048,0.604574884927078,train,32,32,-0.007140263586603039,0.06834545083941546
mod8,2,2048,0.604574884927078,holdout,32,32,0.002403817551754361,0.0709305593662349
mod8,2,4096,0.6595362381022669,train,32,32,-0.009652424848615917,0.09696278381062855
mod8,2,4096,0.6595362381022669,holdout,32,32,0.003847115592560554,0.10093488349268745
mod8,2,8192,0.7144975912774558,train,32,32,-0.013788872984281239,0.13689351221077486
mod8,2,8192,0.7144975912774558,holdout,32,32,0.005005765521968896,0.1444888955121661
mod8,3,256,0.4396908254015113,train,32,32,0.005072792235494881,0.0399542376895609
mod8,3,256,0.4396908254015113,holdout,32,32,0.012238694539249148,0.033074025636051954
mod8,3,512,0.4946521785767002,train,32,32,0.0032579038396014738,0.036158919575949765
mod8,3,512,0.4946521785767002,holdout,32,32,0.00291322705657118,0.03524885320532531
mod8,3,1024,0.5496135317518891,train,32,32,0.004464763484589039,0.050571244503647535
mod8,3,1024,0.5496135317518891,holdout,32,32,0.004558406464041095,0.05011288685664234
mod8,3,2048,0.604574884927078,train,32,32,0.0063287082038784494,0.07174904718635856
mod8,3,2048,0.604574884927078,holdout,32,32,0.006245654290441756,0.07124408672562461
mod8,3,4096,0.6595362381022669,train,32,32,0.00895294928633218,0.10198782942884142
mod8,3,4096,0.6595362381022669,holdout,32,32,0.008435945609861592,0.1015371661147024
mod8,3,8192,0.7144975912774558,train,32,32,0.01477258102006025,0.14508602592802364
mod8,3,8192,0.7144975912774558,holdout,32,32,0.010861978138909295,0.14199420890975836
mod8,4,256,0.4396908254015113,train,32,32,0.00018664675767918085,0.04687850005257187
mod8,4,256,0.4396908254015113,holdout,32,32,0.004706164675767918,0.04251450218860959
mod8,4,512,0.4946521785767002,train,32,32,0.000486324776056442,0.042848514474981655
mod8,4,512,0.4946521785767002,holdout,32,32,0.0021436062944624242,0.045554714928261734
mod8,4,1024,0.5496135317518891,train,32,32,0.0006421232876712337,0.06034603550079818
mod8,4,1024,0.5496135317518891,holdout,32,32,0.003120317851027397,0.06452756541676899
mod8,4,2048,0.604574884927078,train,32,32,0.0012719113600595782,0.08520636666396947
mod8,4,2048,0.604574884927078,holdout,32,32,0.003630642501662549,0.09096003752881843
mod8,4,4096,0.6595362381022669,train,32,32,0.0025326421929065743,0.12147541291841571
mod8,4,4096,0.6595362381022669,holdout,32,32,0.006394963775951556,0.12795990274023683
mod8,4,8192,0.7144975912774558,train,32,32,0.004925808957484402,0.17313425795401605
mod8,4,8192,0.7144975912774558,holdout,32,32,0.009963072520007834,0.18038880804860782
mod8,5,256,0.4396908254015113,train,32,32,0.0021664355802047774,0.03270604653602387
mod8,5,256,0.4396908254015113,holdout,32,32,0.0010865507679180886,0.04724830856265987
mod8,5,512,0.4946521785767002,train,32,32,-0.0068982572603735635,0.04419885143616929
mod8,5,512,0.4946521785767002,holdout,32,32,0.0045327357768368435,0.03393048148701889
mod8,5,1024,0.5496135317518891,train,32,32,-0.00961512735445205,0.06258952426755049
mod8,5,1024,0.5496135317518891,holdout,32,32,0.006718883775684932,0.04765237612538454
mod8,5,2048,0.604574884927078,train,32,32,-0.013041837378521215,0.08874718048691127
mod8,5,2048,0.604574884927078,holdout,32,32,0.008737271693543507,0.06741636777336973
mod8,5,4096,0.6595362381022669,train,32,32,-0.016562702746539794,0.12486380538864912
mod8,5,4096,0.6595362381022669,holdout,32,32,0.012090451989619375,0.09529247958125775
mod8,5,8192,0.7144975912774558,train,32,32,-0.021056440110682893,0.17826581555161453
mod8,5,8192,0.7144975912774558,holdout,32,32,0.018929110910155925,0.13403480740487242
mod8,6,256,0.4396908254015113,train,32,32,0.0051261198805460755,0.036643764222675394
mod8,6,256,0.4396908254015113,holdout,32,32,-0.009185686860068256,0.03923642749317353
mod8,6,512,0.4946521785767002,train,32,32,0.004428860581951001,0.03330036521682469
mod8,6,512,0.4946521785767002,holdout,32,32,-0.0017233839151515127,0.03664761225016656
mod8,6,1024,0.5496135317518891,train,32,32,0.006608518835616438,0.04713421285748864
mod8,6,1024,0.5496135317518891,holdout,32,32,-0.0027390571489726034,0.05167582935670311
mod8,6,2048,0.604574884927078,train,32,32,0.010519371379000098,0.06678947008375569
mod8,6,2048,0.604574884927078,holdout,32,32,-0.004622543524992594,0.072977696580148
mod8,6,4096,0.6595362381022669,train,32,32,0.01529215776384083,0.0947027961552198
mod8,6,4096,0.6595362381022669,holdout,32,32,-0.008853265570934254,0.10396046186529861
mod8,6,8192,0.7144975912774558,train,32,32,0.02161371313587786,0.1362626872634614
mod8,6,8192,0.7144975912774558,holdout,32,32,-0.013139528763619273,0.14602670104404264
mod8,7,256,0.4396908254015113,train,32,32,0.005459417662116039,0.037444826951790966
mod8,7,256,0.4396908254015113,holdout,32,32,0.006119347269624572,0.04131645624012459
mod8,7,512,0.4946521785767002,train,32,32,-0.0046224461724200675,0.039768315521033396
mod8,7,512,0.4946521785767002,holdout,32,32,-0.00019830719023661357,0.04735982117149897
mod8,7,1024,0.5496135317518891,train,32,32,-0.006354345034246577,0.05593210232428781
mod8,7,1024,0.5496135317518891,holdout,32,32,-0.00003678831335616399,0.06686342964439498
mod8,7,2048,0.604574884927078,train,32,32,-0.008338612909047225,0.07923815955032076
mod8,7,2048,0.604574884927078,holdout,32,32,0.0007546041277965542,0.09394593366087242
mod8,7,4096,0.6595362381022669,train,32,32,-0.01264800497404844,0.1143990094302446
mod8,7,4096,0.6595362381022669,holdout,32,32,0.00166927984429066,0.13370830080449367
mod8,7,8192,0.7144975912774558,train,32,32,-0.020066674759412637,0.16285116738082828
mod8,7,8192,0.7144975912774558,holdout,32,32,0.002544072506324953,0.1904525949185663
mod12,0,256,0.4396908254015113,train,21,21,-0.010899154883796522,0.05106393789770932
mod12,0,256,0.4396908254015113,holdout,21,21,0.010756947830326671,0.04528461394202478
mod12,0,512,0.4946521785767002,train,21,21,-0.005101126453614798,0.040656641174667066
mod12,0,512,0.4946521785767002,holdout,21,21,0.006460947186665842,0.049636432606239254
mod12,0,1024,0.5496135317518891,train,21,21,-0.007537304305283756,0.05774359661923643
mod12,0,1024,0.5496135317518891,holdout,21,21,0.008576932485322897,0.07105499733693002
mod12,0,2048,0.604574884927078,train,21,21,-0.010168058975088807,0.08164911680301738
mod12,0,2048,0.604574884927078,holdout,21,21,0.011361323364057267,0.10030141300510759
mod12,0,4096,0.6595362381022669,train,21,21,-0.012901116328884491,0.11557896046928097
mod12,0,4096,0.6595362381022669,holdout,21,21,0.016137337287856317,0.14167477193711792
mod12,0,8192,0.7144975912774558,train,21,21,-0.0160550012426363,0.1640134080859968
mod12,0,8192,0.7144975912774558,holdout,21,21,0.021777722163893357,0.2022498385570856
mod12,1,256,0.4396908254015113,train,22,22,-0.005701210052745888,0.034640306060443354
mod12,1,256,0.4396908254015113,holdout,21,21,-0.01530757354136194,0.045965232974527384
mod12,1,512,0.4946521785767002,train,22,22,-0.00023350457032189837,0.039588987949436334
mod12,1,512,0.4946521785767002,holdout,21,21,-0.0074034684355001705,0.03860884067130637
mod12,1,1024,0.5496135317518891,train,22,22,-0.0008367061021170619,0.05596339650190058
mod12,1,1024,0.5496135317518891,holdout,21,21,-0.009963103392041745,0.05479666201194834
mod12,1,2048,0.604574884927078,train,22,22,-0.002826853199155464,0.07931100657979996
mod12,1,2048,0.604574884927078,holdout,21,21,-0.014319172667621546,0.07766449526308404
mod12,1,4096,0.6595362381022669,train,22,22,-0.0049912511796162354,0.11161983920270889
mod12,1,4096,0.6595362381022669,holdout,21,21,-0.019049163783160326,0.11006267529554031
mod12,1,8192,0.7144975912774558,train,22,22,-0.01083708807889072,0.16190635506719783
mod12,1,8192,0.7144975912774558,holdout,21,21,-0.023728985394141273,0.15866705310651635
mod12,10,256,0.4396908254015113,train,21,21,-0.006612627986348122,0.03911426268183023
mod12,10,256,0.4396908254015113,holdout,21,21,-0.001533804648139118,0.038359305357812214
mod12,10,512,0.4946521785767002,train,21,21,-0.004475177227289703,0.03847846482339056
mod12,10,512,0.4946521785767002,holdout,21,21,0.011979373124497364,0.031038269973655674
mod12,10,1024,0.5496135317518891,train,21,21,-0.006905373450750165,0.05477693478343857
mod12,10,1024,0.5496135317518891,holdout,21,21,0.017046844422700585,0.04369721371229538
mod12,10,2048,0.604574884927078,train,21,21,-0.009419556767463163,0.07810137644639954
mod12,10,2048,0.604574884927078,holdout,21,21,0.02407862898830601,0.061058643762064505
mod12,10,4096,0.6595362381022669,train,21,21,-0.013480392156862744,0.1109106117319673
mod12,10,4096,0.6595362381022669,holdout,21,21,0.03423648871313232,0.08686587615163967
mod12,10,8192,0.7144975912774558,train,21,21,-0.018624687540181355,0.16036029837474294
mod12,10,8192,0.7144975912774558,holdout,21,21,0.047605653908831126,0.12724071635780676
mod12,11,256,0.4396908254015113,train,21,21,0.01821266049081749,0.04077846016312645
mod12,11,256,0.4396908254015113,holdout,21,21,0.01698358524297091,0.03906569268135205
mod12,11,512,0.4946521785767002,train,21,21,0.014806936871000351,0.031737171646810135
mod12,11,512,0.4946521785767002,holdout,21,21,0.01738987678192801,0.032158009794865314
mod12,11,1024,0.5496135317518891,train,21,21,0.020573426288323544,0.04477787435812184
mod12,11,1024,0.5496135317518891,holdout,21,21,0.024349722765818656,0.04600406962658543
mod12,11,2048,0.604574884927078,train,21,21,0.0295061739817656,0.0636684332569249
mod12,11,2048,0.604574884927078,holdout,21,21,0.03467337038126844,0.06546750353930769
mod12,11,4096,0.6595362381022669,train,21,21,0.04182371478002965,0.09163937472072936
mod12,11,4096,0.6595362381022669,holdout,21,21,0.04843260833745262,0.09384977618186954
mod12,11,8192,0.7144975912774558,train,21,21,0.06098759066953839,0.1292681259188232
mod12,11,8192,0.7144975912774558,holdout,21,21,0.06387848775427656,0.1350466752460317
mod12,2,256,0.4396908254015113,train,22,22,0.007737356500155135,0.03475957027862031
mod12,2,256,0.4396908254015113,holdout,21,21,-0.013834714773281322,0.03953729216215498
mod12,2,512,0.4946521785767002,train,22,22,0.006847178135615648,0.026538991844683748
mod12,2,512,0.4946521785767002,holdout,21,21,-0.005511231119138124,0.03864018397104176
mod12,2,1024,0.5496135317518891,train,22,22,0.010171816625155665,0.0375711224717167
mod12,2,1024,0.5496135317518891,holdout,21,21,-0.007272301043705152,0.05448186300827493
mod12,2,2048,0.604574884927078,train,22,22,0.015073098804287961,0.054010755329497374
mod12,2,2048,0.604574884927078,holdout,21,21,-0.010920177135408356,0.07736005132085566
mod12,2,4096,0.6595362381022669,train,22,22,0.022936163101604276,0.07650173116961938
mod12,2,4096,0.6595362381022669,holdout,21,21,-0.016912279617729446,0.11010290983037457
mod12,2,8192,0.7144975912774558,train,22,22,0.03409013105271868,0.10840948804335564
mod12,2,8192,0.7144975912774558,holdout,21,21,-0.026265442989562966,0.15412097078702938
mod12,3,256,0.4396908254015113,train,22,22,0.010617049332919641,0.038162581556242456
mod12,3,256,0.4396908254015113,holdout,21,21,-0.006196164472614986,0.03722630072605779
mod12,3,512,0.4946521785767002,train,22,22,-0.002850129314223163,0.0420316630603656
mod12,3,512,0.4946521785767002,holdout,21,21,-0.020059154517176384,0.04862660372924508
mod12,3,1024,0.5496135317518891,train,22,22,-0.0036484277708592775,0.05925718686816298
mod12,3,1024,0.5496135317518891,holdout,21,21,-0.02774380300065232,0.06898276635877248
mod12,3,2048,0.604574884927078,train,22,22,-0.0044421978843871565,0.0844518156573018
mod12,3,2048,0.604574884927078,holdout,21,21,-0.03910652838392094,0.0966518291525461
mod12,3,4096,0.6595362381022669,train,22,22,-0.005846472947467752,0.12224206723557082
mod12,3,4096,0.6595362381022669,holdout,21,21,-0.055870509968693347,0.13699154097073793
mod12,3,8192,0.7144975912774558,train,22,22,-0.00820446863338458,0.17591248041233662
mod12,3,8192,0.7144975912774558,holdout,21,21,-0.07853234539070827,0.19132869852276096
mod12,4,256,0.4396908254015113,train,22,22,0.0022203692212224633,0.03421425580857679
mod12,4,256,0.4396908254015113,holdout,21,21,0.004936616284739154,0.04063374992765473
mod12,4,512,0.4946521785767002,train,22,22,0.000611232551724961,0.0390263016289288
mod12,4,512,0.4946521785767002,holdout,21,21,-0.004187384479554037,0.03497524976128475
mod12,4,1024,0.5496135317518891,train,22,22,0.0008950809464508112,0.05545010630140171
mod12,4,1024,0.5496135317518891,holdout,21,21,-0.006360078277886496,0.04935566259303658
mod12,4,2048,0.604574884927078,train,22,22,0.0011252187337297832,0.07871417986952042
mod12,4,2048,0.604574884927078,holdout,21,21,-0.00910496888309875,0.07007577197467545
mod12,4,4096,0.6595362381022669,train,22,22,0.0006561615287826374,0.11337937483936963
mod12,4,4096,0.6595362381022669,holdout,21,21,-0.011693648047454276,0.09922410283690018
mod12,4,8192,0.7144975912774558,train,22,22,-0.000146256635861448,0.16592885320242853
mod12,4,8192,0.7144975912774558,holdout,21,21,-0.013448394164954072,0.1384250882541211
mod12,5,256,0.4396908254015113,train,21,21,-0.0036059645701283934,0.0322429300227058
mod12,5,256,0.4396908254015113,holdout,22,22,0.0008241545144275519,0.04442122785688238
mod12,5,512,0.4946521785767002,train,21,21,-0.008619392794683382,0.04619160661005352
mod12,5,512,0.4946521785767002,holdout,22,22,-0.011070863745849972,0.042069119223566945
mod12,5,1024,0.5496135317518891,train,21,21,-0.012842465753424655,0.06573966592169529
mod12,5,1024,0.5496135317518891,holdout,22,22,-0.01517259495641345,0.059138226330937294
mod12,5,2048,0.604574884927078,train,21,21,-0.018416047069746616,0.09394019259603692
mod12,5,2048,0.604574884927078,holdout,22,22,-0.021354994802411206,0.08335885171925188
mod12,5,4096,0.6595362381022669,train,21,21,-0.025349110232328227,0.13360792812899283
mod12,5,4096,0.6595362381022669,holdout,22,22,-0.030296476879521864,0.11837839963505735
mod12,5,8192,0.7144975912774558,train,21,21,-0.03492336593172281,0.19078890625140676
mod12,5,8192,0.7144975912774558,holdout,22,22,-0.04303116924983926,0.16943918130392177
mod12,6,256,0.4396908254015113,train,21,21,-0.001960425808548676,0.04529526582666752
mod12,6,256,0.4396908254015113,holdout,22,22,-0.008813605336642877,0.038499000805004506
mod12,6,512,0.4946521785767002,train,21,21,-0.0005611958580845654,0.034649962379887
mod12,6,512,0.4946521785767002,holdout,22,22,-0.007630105224342028,0.03560048890671231
mod12,6,1024,0.5496135317518891,train,21,21,-0.0013148238747553815,0.04936460266323523
mod12,6,1024,0.5496135317518891,holdout,22,22,-0.01083339819427148,0.05074470204258349
mod12,6,2048,0.604574884927078,train,21,21,-0.001222192010519194,0.07004017915554919
mod12,6,2048,0.604574884927078,holdout,22,22,-0.015787578184294285,0.07155231860788203
mod12,6,4096,0.6595362381022669,train,21,21,-0.001954090459713297,0.0988815325987805
mod12,6,4096,0.6595362381022669,holdout,22,22,-0.023818417741428122,0.10174132699464533
mod12,6,8192,0.7144975912774558,train,21,21,-0.0051652171411862196,0.1383900095333468
mod12,6,8192,0.7144975912774558,holdout,22,22,-0.03220112968352015,0.1432266580283872
mod12,7,256,0.4396908254015113,train,21,21,-0.013286201852754753,0.029778427671901524
mod12,7,256,0.4396908254015113,holdout,22,22,0.01640552280484021,0.03221759289778472
mod12,7,512,0.4946521785767002,train,21,21,-0.013900389715632991,0.03499759313599003
mod12,7,512,0.4946521785767002,holdout,22,22,0.006496921280132814,0.03423912543829426
mod12,7,1024,0.5496135317518891,train,21,21,-0.019630626223091977,0.04851622324276303
mod12,7,1024,0.5496135317518891,holdout,22,22,0.009816702988792031,0.04824164625118654
mod12,7,2048,0.604574884927078,train,21,21,-0.02791515479647433,0.06775049833313734
mod12,7,2048,0.604574884927078,holdout,22,22,0.014413844883605836,0.06821878937280029
mod12,7,4096,0.6595362381022669,train,21,21,-0.041329399406821545,0.09505655851229114
mod12,7,4096,0.6595362381022669,holdout,22,22,0.02179832494495124,0.09745097530503447
mod12,7,8192,0.7144975912774558,train,21,21,-0.06045962351357722,0.13306878503703562
mod12,7,8192,0.7144975912774558,holdout,22,22,0.03348748322784375,0.14086354921171965
mod12,8,256,0.4396908254015113,train,21,21,0.001005607020965382,0.050321369362788
mod12,8,256,0.4396908254015113,holdout,22,22,0.003054219671113871,0.04194171677292807
mod12,8,512,0.4946521785767002,train,21,21,-0.0005324165833110071,0.04794582360601665
mod12,8,512,0.4946521785767002,holdout,22,22,0.010596986823726128,0.04427000906507885
mod12,8,1024,0.5496135317518891,train,21,21,-0.00031596542726679673,0.06715010635353039
mod12,8,1024,0.5496135317518891,holdout,22,22,0.015347719489414692,0.06298115111618603
mod12,8,2048,0.604574884927078,train,21,21,-0.00012294239159069397,0.09467075389915186
mod12,8,2048,0.604574884927078,holdout,22,22,0.021793346885796712,0.08917056706745137
mod12,8,4096,0.6595362381022669,train,21,21,0.00016477179106937014,0.1344887314775244
mod12,8,4096,0.6595362381022669,holdout,22,22,0.032414871028625364,0.12506969269527038
mod12,8,8192,0.7144975912774558,train,21,21,0.003108729687547342,0.1907515498372644
mod12,8,8192,0.7144975912774558,holdout,22,22,0.046303441211221326,0.17745612406593875
mod12,9,256,0.4396908254015113,train,21,21,0.00023362587355761334,0.039398522183905646
mod12,9,256,0.4396908254015113,holdout,21,21,0.006226637412644238,0.04500158761948832
mod12,9,512,0.4946521785767002,train,21,21,0.0009425212488343266,0.04110435559738886
mod12,9,512,0.4946521785767002,holdout,21,21,0.0163466280713862,0.037264755689525864
mod12,9,1024,0.5496135317518891,train,21,21,0.002201565557729942,0.05825136949555183
mod12,9,1024,0.5496135317518891,holdout,21,21,0.022617009132420082,0.05169820656423726
mod12,9,2048,0.604574884927078,train,21,21,0.004346375138000289,0.0823112280767895
mod12,9,2048,0.604574884927078,holdout,21,21,0.03145517248374742,0.07197139353055852
mod12,9,4096,0.6595362381022669,train,21,21,0.007721103147141208,0.11478980571585387
mod12,9,4096,0.6595362381022669,holdout,21,21,0.04406100675564344,0.10127125125560336
mod12,9,8192,0.7144975912774558,train,21,21,0.009315112828600973,0.16232254692115056
mod12,9,8192,0.7144975912774558,holdout,21,21,0.062023218552385205,0.14495140942866108
mod16,0,256,0.4396908254015113,train,16,16,-0.009319005972696245,0.037426998789004254
mod16,0,256,0.4396908254015113,holdout,16,16,0.001999786689419797,0.05245421671868508
mod16,0,512,0.4946521785767002,train,16,16,-0.010378076289049357,0.027145595994231657
mod16,0,512,0.4946521785767002,holdout,16,16,-0.004117234997293475,0.04040550643720272
mod16,0,1024,0.5496135317518891,train,16,16,-0.014447773972602738,0.03791092200601051
mod16,0,1024,0.5496135317518891,holdout,16,16,-0.0062205693493150695,0.05808838839590885
mod16,0,2048,0.604574884927078,train,16,16,-0.020279392692292973,0.05286799601943158
mod16,0,2048,0.604574884927078,holdout,16,16,-0.008775239196828894,0.08254358041819433
mod16,0,4096,0.6595362381022669,train,16,16,-0.029019788062283735,0.07570769965947015
mod16,0,4096,0.6595362381022669,holdout,16,16,-0.011397734645328717,0.11526493058467402
mod16,0,8192,0.7144975912774558,train,16,16,-0.041058907325888266,0.10903684211595885
mod16,0,8192,0.7144975912774558,holdout,16,16,-0.013452086242967821,0.16364822648352137
mod16,1,256,0.4396908254015113,train,16,16,0.001066552901023892,0.035930350556722904
mod16,1,256,0.4396908254015113,holdout,16,16,0.005519411262798635,0.041130046923971327
mod16,1,512,0.4946521785767002,train,16,16,0.005429839732669138,0.04753024000310454
mod16,1,512,0.4946521785767002,holdout,16,16,-0.0026535390693565573,0.04571071594323374
mod16,1,1024,0.5496135317518891,train,16,16,0.00718375428082192,0.06793573428974185
mod16,1,1024,0.5496135317518891,holdout,16,16,-0.0033510809075342446,0.06459422819169816
mod16,1,2048,0.604574884927078,train,16,16,0.008917617334148954,0.09746525146534459
mod16,1,2048,0.604574884927078,holdout,16,16,-0.004617797587081942,0.09065678661300298
mod16,1,4096,0.6595362381022669,train,16,16,0.01119160899653979,0.1379261344944841
mod16,1,4096,0.6595362381022669,holdout,16,16,-0.004957152897923874,0.12779438625959905
mod16,1,8192,0.7144975912774558,train,16,16,0.009689281859803292,0.20061773370821231
mod16,1,8192,0.7144975912774558,holdout,16,16,-0.004976690407610906,0.18455040834379338
mod16,10,256,0.4396908254015113,train,16,16,-0.008385772184300342,0.03192024631550871
mod16,10,256,0.4396908254015113,holdout,16,16,-0.011852069112627987,0.02770574831336187
mod16,10,512,0.4946521785767002,train,16,16,-0.0031729150437857906,0.035956487178524496
mod16,10,512,0.4946521785767002,holdout,16,16,-0.005146543746616836,0.03072757888075367
mod16,10,1024,0.5496135317518891,train,16,16,-0.005009899400684933,0.05126602570689592
mod16,10,1024,0.5496135317518891,holdout,16,16,-0.006722228167808217,0.04374274634370726
mod16,10,2048,0.604574884927078,train,16,16,-0.0067249940194194086,0.07278990452966864
mod16,10,2048,0.604574884927078,holdout,16,16,-0.009477638007608017,0.06229490742861141
mod16,10,4096,0.6595362381022669,train,16,16,-0.008677551903114188,0.10156756179173088
mod16,10,4096,0.6595362381022669,holdout,16,16,-0.011461937716262974,0.08929097972768714
mod16,10,8192,0.7144975912774558,train,16,16,-0.01223820021852131,0.14282575640156922
mod16,10,8192,0.7144975912774558,holdout,16,16,-0.014251651887812765,0.1270596541344567
mod16,11,256,0.4396908254015113,train,16,16,-0.004266211604095564,0.04031754304132714
mod16,11,256,0.4396908254015113,holdout,16,16,0.0073725469283276454,0.03842614855729377
mod16,11,512,0.4946521785767002,train,16,16,0.005760351716396805,0.04028979639619652
mod16,11,512,0.4946521785767002,holdout,16,16,0.0012559455381652047,0.04073386863835448
mod16,11,1024,0.5496135317518891,train,16,16,0.008193760702054794,0.05653446209562596
mod16,11,1024,0.5496135317518891,holdout,16,16,0.0018996147260273988,0.05802370135663306
mod16,11,2048,0.604574884927078,train,16,16,0.01154686693666012,0.08028476475373314
mod16,11,2048,0.604574884927078,holdout,16,16,0.0016753160824665193,0.08254667030312593
mod16,11,4096,0.6595362381022669,train,16,16,0.01682796280276817,0.1136513781689718
mod16,11,4096,0.6595362381022669,holdout,16,16,0.00276073205017301,0.11829910197751235
mod16,11,8192,0.7144975912774558,train,16,16,0.02712465876981704,0.16164957592340803
mod16,11,8192,0.7144975912774558,holdout,16,16,0.0056890307093818895,0.16547809146598816
mod16,12,256,0.4396908254015113,train,16,16,0.007159236348122867,0.052519875916403384
mod16,12,256,0.4396908254015113,holdout,16,16,0.0027997013651877133,0.04386590019501309
mod16,12,512,0.4946521785767002,train,16,16,0.008952153159252754,0.052207505934914994
mod16,12,512,0.4946521785767002,holdout,16,16,0.00023607998837691779,0.0502149472091422
mod16,12,1024,0.5496135317518891,train,16,16,0.012748822773972603,0.07355444611704792
mod16,12,1024,0.5496135317518891,holdout,16,16,0.0008628531678082198,0.07101948359365597
mod16,12,2048,0.604574884927078,train,16,16,0.01853763347907712,0.1039808663267625
mod16,12,2048,0.604574884927078,holdout,16,16,0.0017037917099305341,0.1001024437417833
mod16,12,4096,0.6595362381022669,train,16,16,0.025549443122837367,0.14954574997738526
mod16,12,4096,0.6595362381022669,holdout,16,16,0.0053119593425605596,0.1404151184551446
mod16,12,8192,0.7144975912774558,train,16,16,0.03740271169536983,0.21485367719878534
mod16,12,8192,0.7144975912774558,holdout,16,16,0.010299859261321317,0.19520589142823044
mod16,13,256,0.4396908254015113,train,16,16,0.007732508532423209,0.03493247595669775
mod16,13,256,0.4396908254015113,holdout,16,16,-0.00965230375426621,0.045406369235734066
mod16,13,512,0.4946521785767002,train,16,16,-0.0029840510530842485,0.045309710239258505
mod16,13,512,0.4946521785767002,holdout,16,16,-0.005269305340572827,0.02444665300673676
mod16,13,1024,0.5496135317518891,train,16,16,-0.004147046232876713,0.06361047257003771
mod16,13,1024,0.5496135317518891,holdout,16,16,-0.006976401969178082,0.03441862947117714
mod16,13,2048,0.604574884927078,train,16,16,-0.004774413538134053,0.0893131475026712
mod16,13,2048,0.604574884927078,holdout,16,16,-0.01089667344289837,0.048480316268957185
mod16,13,4096,0.6595362381022669,train,16,16,-0.004947015570934254,0.12429588559128607
mod16,13,4096,0.6595362381022669,holdout,16,16,-0.016196069420415224,0.06719161065673994
mod16,13,8192,0.7144975912774558,train,16,16,-0.0051923308390994394,0.17681943478119466
mod16,13,8192,0.7144975912774558,holdout,16,16,-0.021043114016602138,0.09552221982147151
mod16,14,256,0.4396908254015113,train,16,16,0.009665635665529013,0.031066860157157247
mod16,14,256,0.4396908254015113,holdout,16,16,-0.012798634812286689,0.04403590148080066
mod16,14,512,0.4946521785767002,train,16,16,0.003890598208451622,0.03051795247608535
mod16,14,512,0.4946521785767002,holdout,16,16,-0.004192780593574077,0.03507704959491353
mod16,14,1024,0.5496135317518891,train,16,16,0.005832619863013698,0.043314870658119675
mod16,14,1024,0.5496135317518891,holdout,16,16,-0.006180436643835616,0.049620547640597396
mod16,14,2048,0.604574884927078,train,16,16,0.009567810827910757,0.061624309036950965
mod16,14,2048,0.604574884927078,holdout,16,16,-0.009676967399856178,0.06933791712600501
mod16,14,4096,0.6595362381022669,train,16,16,0.013884758866782008,0.08890732261752347
mod16,14,4096,0.6595362381022669,holdout,16,16,-0.016365024870242214,0.09835685692129645
mod16,14,8192,0.7144975912774558,train,16,16,0.021709418720639646,0.13170192991646382
mod16,14,8192,0.7144975912774558,holdout,16,16,-0.022695549682615092,0.1396121071387247
mod16,15,256,0.4396908254015113,train,16,16,0.006585964163822526,0.02750729326637492
mod16,15,256,0.4396908254015113,holdout,16,16,-0.003746267064846416,0.038611844481293976
mod16,15,512,0.4946521785767002,train,16,16,-0.004041689401012853,0.03582760556437305
mod16,15,512,0.4946521785767002,holdout,16,16,-0.016450053590103694,0.04850916409823741
mod16,15,1024,0.5496135317518891,train,16,16,-0.005598512414383564,0.05019551541041948
mod16,15,1024,0.5496135317518891,holdout,16,16,-0.02266160102739726,0.06850636533302881
mod16,15,2048,0.604574884927078,train,16,16,-0.007294506568699812,0.07109497717292972
mod16,15,2048,0.604574884927078,holdout,16,16,-0.029894662899310427,0.09719638016283735
mod16,15,4096,0.6595362381022669,train,16,16,-0.011418009299307957,0.10261429654542104
mod16,15,4096,0.6595362381022669,holdout,16,16,-0.039711288927335636,0.1403191838932731
mod16,15,8192,0.7144975912774558,train,16,16,-0.017767317798934205,0.14874756920550974
mod16,15,8192,0.7144975912774558,holdout,16,16,-0.0516737469927546,0.20130093088629805
mod16,2,256,0.4396908254015113,train,16,16,-0.0024797354948805465,0.051863218981111264
mod16,2,256,0.4396908254015113,holdout,16,16,-0.002066446245733788,0.047146285062134106
mod16,2,512,0.4946521785767002,train,16,16,-0.0028801758581984208,0.031814771670423486
mod16,2,512,0.4946521785767002,holdout,16,16,0.006591353275483575,0.039719951115825054
mod16,2,1024,0.5496135317518891,train,16,16,-0.005009899400684932,0.04561461692752695
mod16,2,1024,0.5496135317518891,holdout,16,16,0.010133508133561646,0.05617552932485455
mod16,2,2048,0.604574884927078,train,16,16,-0.007555533153786669,0.0659914382225087
mod16,2,2048,0.604574884927078,holdout,16,16,0.01428527311111674,0.07884086583341403
mod16,2,4096,0.6595362381022669,train,16,16,-0.010627297794117646,0.09545863626948076
mod16,2,4096,0.6595362381022669,holdout,16,16,0.019156168901384087,0.11216964483685822
mod16,2,8192,0.7144975912774558,train,16,16,-0.015339545750041175,0.1353686194850677
mod16,2,8192,0.7144975912774558,holdout,16,16,0.024263182931750556,0.16189683815630926
mod16,3,256,0.4396908254015113,train,16,16,0.014411796075085324,0.038568611131959335
mod16,3,256,0.4396908254015113,holdout,16,16,0.01710484215017065,0.027085484880912218
mod16,3,512,0.4946521785767002,train,16,16,0.0007554559628061416,0.032641572832980005
mod16,3,512,0.4946521785767002,holdout,16,16,0.004570508574977154,0.03004476635767253
mod16,3,1024,0.5496135317518891,train,16,16,0.0007357662671232876,0.04538268346371808
mod16,3,1024,0.5496135317518891,holdout,16,16,0.007217198202054794,0.04252284246006568
mod16,3,2048,0.604574884927078,train,16,16,0.0011105494710967694,0.06430640890055946
mod16,3,2048,0.604574884927078,holdout,16,16,0.010815992498416992,0.06026032929420726
mod16,3,4096,0.6595362381022669,train,16,16,0.0010779357698961897,0.09191046175197208
mod16,3,4096,0.6595362381022669,holdout,16,16,0.014111159169550174,0.08510889443691863
mod16,3,8192,0.7144975912774558,train,16,16,0.002420503270303455,0.13056478830383622
mod16,3,8192,0.7144975912774558,holdout,16,16,0.016034925568436706,0.11928445962747619
mod16,4,256,0.4396908254015113,train,16,16,-0.0067859428327645055,0.0409834129938246
mod16,4,256,0.4396908254015113,holdout,16,16,0.006612627986348128,0.04246755978593104
mod16,4,512,0.4946521785767002,train,16,16,-0.007979503607139867,0.03026334177195452
mod16,4,512,0.4946521785767002,holdout,16,16,0.004051132600547929,0.041946507807228195
mod16,4,1024,0.5496135317518891,train,16,16,-0.011464576198630137,0.042463165487540915
mod16,4,1024,0.5496135317518891,holdout,16,16,0.005377782534246575,0.05958658977262273
mod16,4,2048,0.604574884927078,train,16,16,-0.015993810758957963,0.05963455316176024
mod16,4,2048,0.604574884927078,holdout,16,16,0.005557493293394565,0.08408697262210413
mod16,4,4096,0.6595362381022669,train,16,16,-0.020484158737024222,0.08367908707623037
mod16,4,4096,0.6595362381022669,holdout,16,16,0.0074779682093425665,0.11882822977478738
mod16,4,8192,0.7144975912774558,train,16,16,-0.02755109378040103,0.11634892801169222
mod16,4,8192,0.7144975912774558,holdout,16,16,0.009626285778694321,0.17071614916987757
mod16,5,256,0.4396908254015113,train,16,16,-0.003399637372013652,0.0304025046709784
mod16,5,256,0.4396908254015113,holdout,16,16,0.011825405290102387,0.04801948988280223
mod16,5,512,0.4946521785767002,train,16,16,-0.010812463467662877,0.0441775754273803
mod16,5,512,0.4946521785767002,holdout,16,16,0.014334776894246518,0.03970764982681594
mod16,5,1024,0.5496135317518891,train,16,16,-0.015083208476027395,0.0631346310269127
mod16,5,1024,0.5496135317518891,holdout,16,16,0.020414169520547944,0.055750419663512005
mod16,5,2048,0.604574884927078,train,16,16,-0.021309261218908384,0.09030250610053181
mod16,5,2048,0.604574884927078,holdout,16,16,0.028371216829985387,0.07886829203232604
mod16,5,4096,0.6595362381022669,train,16,16,-0.028178389922145337,0.12839015671573573
mod16,5,4096,0.6595362381022669,holdout,16,16,0.04037697339965397,0.11200464129549934
mod16,5,8192,0.7144975912774558,train,16,16,-0.03692054938226635,0.18404883487130055
mod16,5,8192,0.7144975912774558,holdout,16,16,0.058901335836914,0.1568287558208049
mod16,6,256,0.4396908254015113,train,16,16,0.0005866040955631409,0.04202305052727198
mod16,6,256,0.4396908254015113,holdout,16,16,-0.005572738907849832,0.03485139562376537
mod16,6,512,0.4946521785767002,train,16,16,0.004967122955450379,0.03687536796341146
mod16,6,512,0.4946521785767002,holdout,16,16,0.0007460127632710548,0.03914362223910131
mod16,6,1024,0.5496135317518891,train,16,16,0.007384417808219178,0.05209524594797491
mod16,6,1024,0.5496135317518891,holdout,16,16,0.0007023223458904105,0.05505764938560242
mod16,6,2048,0.604574884927078,train,16,16,0.011470931930089433,0.07361771789113214
mod16,6,2048,0.604574884927078,holdout,16,16,0.0004318803498709828,0.07838552521533554
mod16,6,4096,0.6595362381022669,train,16,16,0.01669955666089966,0.10308447754791876
mod16,6,4096,0.6595362381022669,holdout,16,16,-0.0013415062716263006,0.11198940072715902
mod16,6,8192,0.7144975912774558,train,16,16,0.021518007551116082,0.14500847099080172
mod16,6,8192,0.7144975912774558,holdout,16,16,-0.003583507844623461,0.15615002442320947
mod16,7,256,0.4396908254015113,train,16,16,0.004332871160409557,0.04624225186388538
mod16,7,256,0.4396908254015113,holdout,16,16,0.015984961604095564,0.04277136670835052
mod16,7,512,0.4946521785767002,train,16,16,-0.0052032029438272825,0.04454363686990461
mod16,7,512,0.4946521785767002,holdout,16,16,0.01605343920963047,0.04145892033260746
mod16,7,1024,0.5496135317518891,train,16,16,-0.007110177654109589,0.06280566567792634
mod16,7,1024,0.5496135317518891,holdout,16,16,0.02258802440068493,0.05877369295864127
mod16,7,2048,0.604574884927078,train,16,16,-0.009382719249394635,0.08898949078428506
mod16,7,2048,0.604574884927078,holdout,16,16,0.03140387115490354,0.08239492906114111
mod16,7,4096,0.6595362381022669,train,16,16,-0.013878000648788923,0.1285061123903105
mod16,7,4096,0.6595362381022669,holdout,16,16,0.04304984861591696,0.11664128862972309
mod16,7,8192,0.7144975912774558,train,16,16,-0.02236603171989107,0.1807537567539924
mod16,7,8192,0.7144975912774558,holdout,16,16,0.056761892005404505,0.1678373506648259
mod16,8,256,0.4396908254015113,train,16,16,-0.0009865614334470993,0.051289544655338304
mod16,8,256,0.4396908254015113,holdout,16,16,0.013385238907849827,0.02964362226244896
mod16,8,512,0.4946521785767002,train,16,16,0.002851846259593174,0.052757267748526994
mod16,8,512,0.4946521785767002,holdout,16,16,0.017384930344076302,0.040445373609002334
mod16,8,1024,0.5496135317518891,train,16,16,0.004086847174657534,0.07509157553747532
mod16,8,1024,0.5496135317518891,holdout,16,16,0.02399266909246575,0.05815983036650815
mod16,8,2048,0.604574884927078,train,16,16,0.005775806437285421,0.10669004247348948
mod16,8,2048,0.604574884927078,holdout,16,16,0.03444127141773233,0.08245365997727488
mod16,8,4096,0.6595362381022669,train,16,16,0.008140273572664353,0.15148439964931304
mod16,8,4096,0.6595362381022669,holdout,16,16,0.04901059688581315,0.11820736890373544
mod16,8,8192,0.7144975912774558,train,16,16,0.014014205120555717,0.21772464294889718
mod16,8,8192,0.7144975912774558,holdout,16,16,0.06812541586698931,0.16985804075461353
mod16,9,256,0.4396908254015113,train,16,16,-0.01766478242320819,0.036823051046375406
mod16,9,256,0.4396908254015113,holdout,16,16,-0.018478029010238903,0.044256119659923356
mod16,9,512,0.4946521785767002,train,16,16,-0.002030287900041508,0.031038410286866353
mod16,9,512,0.4946521785767002,holdout,16,16,-0.00989647311276043,0.048195580069115805
mod16,9,1024,0.5496135317518891,train,16,16,-0.003070151969178082,0.04400329082039223
mod16,9,1024,0.5496135317518891,holdout,16,16,-0.01434075342465753,0.06680743454630375
mod16,9,2048,0.604574884927078,train,16,16,-0.005187310136362328,0.062178111520204214
mod16,9,2048,0.604574884927078,holdout,16,16,-0.019728863894655283,0.09383918221879392
mod16,9,4096,0.6595362381022669,train,16,16,-0.008065933174740483,0.08831412734652842
mod16,9,4096,0.6595362381022669,holdout,16,16,-0.02805336288927336,0.133197527967326
mod16,9,8192,0.7144975912774558,train,16,16,-0.01608822994475967,0.12296409225615337
mod16,9,8192,0.7144975912774558,holdout,16,16,-0.041788208111034765,0.19189593670244112
mod24,0,256,0.4396908254015113,train,10,10,-0.017256825938566554,0.0621267812501076
mod24,0,256,0.4396908254015113,holdout,11,11,-0.0037814148309028854,0.035816630216191706
mod24,0,512,0.4946521785767002,train,10,10,-0.007645214343598139,0.04762141498938463
mod24,0,512,0.4946521785767002,holdout,11,11,-0.005741465317326674,0.03839744184276693
mod24,0,1024,0.5496135317518891,train,10,10,-0.010883989726027398,0.06785389791047337
mod24,0,1024,0.5496135317518891,holdout,11,11,-0.009437266500622665,0.054861593465590275
mod24,0,2048,0.604574884927078,train,10,10,-0.015490741340426911,0.09625495527480148
mod24,0,2048,0.604574884927078,holdout,11,11,-0.01337146433886232,0.07807531215455149
mod24,0,4096,0.6595362381022669,train,10,10,-0.019777249134948095,0.13648185699954588
mod24,0,4096,0.6595362381022669,holdout,11,11,-0.018819793960364897,0.11080217116488304
mod24,0,8192,0.7144975912774558,train,10,10,-0.02634205360834751,0.19379196302318025
mod24,0,8192,0.7144975912774558,holdout,11,11,-0.027841624657963148,0.15449422864662743
mod24,1,256,0.4396908254015113,train,11,11,-0.010103164753335402,0.04369080529296662
mod24,1,256,0.4396908254015113,holdout,11,11,-0.00603087185851691,0.0474061436239305
mod24,1,512,0.4946521785767002,train,11,11,0.0016620031181735092,0.0428131231148596
mod24,1,512,0.4946521785767002,holdout,11,11,-0.00835122227974786,0.049926076320694006
mod24,1,1024,0.5496135317518891,train,11,11,0.0013037048567870494,0.060893371749530814
mod24,1,1024,0.5496135317518891,holdout,11,11,-0.011285803237858029,0.07078550301806337
mod24,1,2048,0.604574884927078,train,11,11,-0.00024851456695870744,0.08708413204721657
mod24,1,2048,0.604574884927078,holdout,11,11,-0.01629151050062728,0.10043638516392198
mod24,1,4096,0.6595362381022669,train,11,11,-0.0032095391632588847,0.12299566582067842
mod24,1,4096,0.6595362381022669,holdout,11,11,-0.02085463195973577,0.14374565216613341
mod24,1,8192,0.7144975912774558,train,11,11,-0.012190402492644909,0.17842735367544998
mod24,1,8192,0.7144975912774558,holdout,11,11,-0.02804250726625477,0.20831993210066474
mod24,10,256,0.4396908254015113,train,11,11,-0.011538163201985726,0.044345464250346425
mod24,10,256,0.4396908254015113,holdout,10,10,-0.01608361774744027,0.038038220409748455
mod24,10,512,0.4946521785767002,train,11,11,-0.008117717709425985,0.03394586310396163
mod24,10,512,0.4946521785767002,holdout,10,10,-0.0015562392833806532,0.033270575647053824
mod24,10,1024,0.5496135317518891,train,11,11,-0.01235600871731009,0.049109731110769564
mod24,10,1024,0.5496135317518891,holdout,10,10,-0.0020761986301369864,0.047166788418204424
mod24,10,2048,0.604574884927078,train,11,11,-0.017768791537548553,0.07150487137406138
mod24,10,2048,0.604574884927078,holdout,10,10,-0.0028475627464020275,0.06649355897401972
mod24,10,4096,0.6595362381022669,train,11,11,-0.02554360648002517,0.10364028952076058
mod24,10,4096,0.6595362381022669,holdout,10,10,-0.00369809688581315,0.09473799545126017
mod24,10,8192,0.7144975912774558,train,11,11,-0.038301617314271286,0.14924353443965793
mod24,10,8192,0.7144975912774558,holdout,10,10,-0.006408155204503089,0.13936336655381326
mod24,11,256,0.4396908254015113,train,11,11,0.011867825007756749,0.02931484592081911
mod24,11,256,0.4396908254015113,holdout,10,10,0.024445392491467578,0.040093588421041645
mod24,11,512,0.4946521785767002,train,11,11,0.014820672433960463,0.02510210489540215
mod24,11,512,0.4946521785767002,holdout,10,10,0.025821484808713886,0.03644354156416842
mod24,11,1024,0.5496135317518891,train,11,11,0.020791173723536737,0.03548405316576268
mod24,11,1024,0.5496135317518891,holdout,10,10,0.036601027397260275,0.052187074155602496
mod24,11,2048,0.604574884927078,train,11,11,0.030249745344808746,0.05074079497692895
mod24,11,2048,0.604574884927078,holdout,10,10,0.05064105588201338,0.07475647412768907
mod24,11,4096,0.6595362381022669,train,11,11,0.04391612928593897,0.07237475666557257
mod24,11,4096,0.6595362381022669,holdout,10,10,0.07001513840830449,0.10830894823831207
mod24,11,8192,0.7144975912774558,train,11,11,0.06843400855801629,0.1043928783526689
mod24,11,8192,0.7144975912774558,holdout,10,10,0.09520355445383347,0.15212171271075361
mod24,12,256,0.4396908254015113,train,11,11,-0.0051194539249146765,0.04079366169959752
mod24,12,256,0.4396908254015113,holdout,10,10,0.02674914675767918,0.0508845174600142
mod24,12,512,0.4946521785767002,train,11,11,-0.0027883192809026697,0.03539137361373919
mod24,12,512,0.4946521785767002,holdout,10,10,0.01988360094105761,0.058776705059243366
mod24,12,1024,0.5496135317518891,train,11,11,-0.004494863013698629,0.050035259451214
mod24,12,1024,0.5496135317518891,holdout,10,10,0.028392551369863007,0.08391933694609802
mod24,12,2048,0.604574884927078,train,11,11,-0.005329256824781433,0.07028908465423232
mod24,12,2048,0.604574884927078,holdout,10,10,0.03856738983726882,0.11837764716905624
mod24,12,4096,0.6595362381022669,train,11,11,-0.0066500865051903136,0.09930841118289115
mod24,12,4096,0.6595362381022669,holdout,10,10,0.05459018166089966,0.16681173188166126
mod24,12,8192,0.7144975912774558,train,11,11,-0.006703135455626104,0.14070883783680607
mod24,12,8192,0.7144975912774558,holdout,10,10,0.07635900366793551,0.24095671321736528
mod24,13,256,0.4396908254015113,train,11,11,-0.001299255352156376,0.023840729220417793
mod24,13,256,0.4396908254015113,holdout,10,10,-0.025511945392491464,0.044465601100583084
mod24,13,512,0.4946521785767002,train,11,11,-0.002129012258817308,0.03808459965505018
mod24,13,512,0.4946521785767002,holdout,10,10,-0.006360939206827708,0.02325217148540536
mod24,13,1024,0.5496135317518891,train,11,11,-0.0029771170610211717,0.05346879424368592
mod24,13,1024,0.5496135317518891,holdout,10,10,-0.008508133561643835,0.03317829732764484
mod24,13,2048,0.604574884927078,train,11,11,-0.0054051918313522155,0.07490810253390612
mod24,13,2048,0.604574884927078,holdout,10,10,-0.012149601051315243,0.046751042946952134
mod24,13,4096,0.6595362381022669,train,11,11,-0.006772963195973578,0.10501884665148785
mod24,13,4096,0.6595362381022669,holdout,10,10,-0.017063148788927333,0.0628688452019887
mod24,13,8192,0.7144975912774558,train,11,11,-0.009483773665136547,0.1523428785732896
mod24,13,8192,0.7144975912774558,holdout,10,10,-0.018984111334816416,0.08762478356107302
mod24,14,256,0.4396908254015113,train,11,11,0.006845330437480609,0.03461570741575649
mod24,14,256,0.4396908254015113,holdout,10,10,-0.02517064846416382,0.03334520405254353
mod24,14,512,0.4946521785767002,train,11,11,0.005384340680363761,0.02476174664918564
mod24,14,512,0.4946521785767002,holdout,10,10,-0.011195857368787003,0.03839813876130328
mod24,14,1024,0.5496135317518891,train,11,11,0.008853518057285181,0.035260926765821994
mod24,14,1024,0.5496135317518891,holdout,10,10,-0.015892551369863013,0.053176236927164486
mod24,14,2048,0.604574884927078,train,11,11,0.013426689798186448,0.05146946017325757
mod24,14,2048,0.604574884927078,holdout,10,10,-0.02401064907766175,0.07477851652303232
mod24,14,4096,0.6595362381022669,train,11,11,0.01984212802768166,0.07448271608424076
mod24,14,4096,0.6595362381022669,holdout,10,10,-0.03826232698961938,0.1045901752172925
mod24,14,8192,0.7144975912774558,train,11,11,0.029554413212870737,0.10711468455421232
mod24,14,8192,0.7144975912774558,holdout,10,10,-0.05596378011627736,0.1437911360002845
mod24,15,256,0.4396908254015113,train,11,11,-0.002113713931120073,0.03477753508097542
mod24,15,256,0.4396908254015113,holdout,10,10,-0.011497440273037543,0.04801625424724015
mod24,15,512,0.4946521785767002,train,11,11,-0.004697562532358174,0.046771618082947254
mod24,15,512,0.4946521785767002,holdout,10,10,-0.02251258769162299,0.06793019989321387
mod24,15,1024,0.5496135317518891,train,11,11,-0.0062752957658779585,0.06647678957190058
mod24,15,1024,0.5496135317518891,holdout,10,10,-0.03123929794520548,0.09614027051500837
mod24,15,2048,0.604574884927078,train,11,11,-0.007427824279099562,0.09501620156498125
mod24,15,2048,0.604574884927078,holdout,10,10,-0.043685409280135354,0.13407947727031955
mod24,15,4096,0.6595362381022669,train,11,11,-0.010940940547341921,0.1379370738939263
mod24,15,4096,0.6595362381022669,holdout,10,10,-0.06245674740484429,0.1900480666853353
mod24,15,8192,0.7144975912774558,train,11,11,-0.018974595842844777,0.20050337480181682
mod24,15,8192,0.7144975912774558,holdout,10,10,-0.0873804103505744,0.2664994723550052
mod24,16,256,0.4396908254015113,train,11,11,0.01287620229599752,0.033943373777842255
mod24,16,256,0.4396908254015113,holdout,10,10,0.004180887372013653,0.048107219052854436
mod24,16,512,0.4946521785767002,train,11,11,0.006112325517249668,0.04871871548899713
mod24,16,512,0.4946521785767002,holdout,10,10,0.0012842751367704336,0.026411467477618727
mod24,16,1024,0.5496135317518891,train,11,11,0.008795143212951434,0.06902810107670446
mod24,16,1024,0.5496135317518891,holdout,10,10,0.0011237157534246581,0.03836361986177876
mod24,16,2048,0.604574884927078,train,11,11,0.013392173886108872,0.09747390410344627
mod24,16,2048,0.604574884927078,holdout,10,10,0.002019871174781136,0.05481936237641265
mod24,16,4096,0.6595362381022669,train,11,11,0.01883945423089022,0.13913795278151592
mod24,16,4096,0.6595362381022669,holdout,10,10,0.004606401384083046,0.07707737051693479
mod24,16,8192,0.7144975912774558,train,11,11,0.02626628209820244,0.20360800748800417
mod24,16,8192,0.7144975912774558,holdout,10,10,0.006268594655584658,0.11246933445430589
mod24,17,256,0.4396908254015113,train,10,10,-0.012116040955631398,0.027489730612677486
mod24,17,256,0.4396908254015113,holdout,11,11,-0.00952140862550419,0.03366663699050982
mod24,17,512,0.4946521785767002,train,10,10,-0.01572859314562384,0.03707950460855337
mod24,17,512,0.4946521785767002,holdout,11,11,-0.024998724587403185,0.039976192077683305
mod24,17,1024,0.5496135317518891,train,10,10,-0.02299871575342466,0.05283327084452211
mod24,17,1024,0.5496135317518891,holdout,11,11,-0.035005448318804484,0.05638198487873779
mod24,17,2048,0.604574884927078,train,10,10,-0.033836638927912985,0.07520649462162374
mod24,17,2048,0.604574884927078,holdout,11,11,-0.04853627556352131,0.07907410024055038
mod24,17,4096,0.6595362381022669,train,10,10,-0.04809688581314879,0.10631331436689281
mod24,17,4096,0.6595362381022669,holdout,11,11,-0.06838333595470275,0.1110843090911555
mod24,17,8192,0.7144975912774558,train,10,10,-0.07177288896320029,0.15111860952050754
mod24,17,8192,0.7144975912774558,holdout,11,11,-0.09565888836596118,0.16115346701864483
mod24,18,256,0.4396908254015113,train,10,10,-0.014185153583617749,0.046571588751584465
mod24,18,256,0.4396908254015113,holdout,11,11,-0.002094322060192366,0.03545948438654406
mod24,18,512,0.4946521785767002,train,10,10,-0.009896473112760446,0.036923742591208515
mod24,18,512,0.4946521785767002,holdout,11,11,0.0038596931917913566,0.03580563937272959
mod24,18,1024,0.5496135317518891,train,10,10,-0.015079195205479451,0.05243168211953813
mod24,18,1024,0.5496135317518891,holdout,11,11,0.006285024906600248,0.050400272141090816
mod24,18,2048,0.604574884927078,train,10,10,-0.021694631377254747,0.07404342024726748
mod24,18,2048,0.604574884927078,holdout,11,11,0.008601365289737982,0.0702557319813803
mod24,18,4096,0.6595362381022669,train,10,10,-0.03142301038062284,0.10290422617602323
mod24,18,4096,0.6595362381022669,holdout,11,11,0.01205666089965398,0.09920488572640625
mod24,18,8192,0.7144975912774558,train,10,10,-0.04448104828582484,0.14155158665140724
mod24,18,8192,0.7144975912774558,holdout,11,11,0.01965477730600767,0.14013578188622017
mod24,19,256,0.4396908254015113,train,10,10,-0.022504266211604097,0.039697074141446756
mod24,19,256,0.4396908254015113,holdout,11,11,0.014757213775985108,0.030683496999799022
mod24,19,512,0.4946521785767002,train,10,10,-0.004774481684934826,0.043160994495593574
mod24,19,512,0.4946521785767002,holdout,11,11,0.0028295259697829977,0.033072415362159775
mod24,19,1024,0.5496135317518891,train,10,10,-0.007459332191780821,0.060192777767261965
mod24,19,1024,0.5496135317518891,holdout,11,11,0.004553237858032379,0.04689181640217713
mod24,19,2048,0.604574884927078,train,10,10,-0.011420624988236367,0.08461056909802618
mod24,19,2048,0.604574884927078,holdout,11,11,0.007075761975908048,0.06635929610477793
mod24,19,4096,0.6595362381022669,train,10,10,-0.018831098615916954,0.11780185779539547
mod24,19,4096,0.6595362381022669,holdout,11,11,0.01077382824787669,0.09444199785300011
mod24,19,8192,0.7144975912774558,train,10,10,-0.030827374583308302,0.16471554544765424
mod24,19,8192,0.7144975912774558,holdout,11,11,0.015538445964172087,0.13459198444855014
mod24,2,256,0.4396908254015113,train,11,11,0.008629382562829661,0.03656884550431673
mod24,2,256,0.4396908254015113,holdout,11,11,-0.0035293205088426927,0.04336309392065852
mod24,2,512,0.4946521785767002,train,11,11,0.008310015590867532,0.029346483987593305
mod24,2,512,0.4946521785767002,holdout,11,11,-0.00034338907400278067,0.03996823806713053
mod24,2,1024,0.5496135317518891,train,11,11,0.011490115193026153,0.04143888332366563
mod24,2,1024,0.5496135317518891,holdout,11,11,0.0005642901618929042,0.05700652369477276
mod24,2,2048,0.604574884927078,train,11,11,0.01671950781038948,0.05891494516140684
mod24,2,2048,0.604574884927078,holdout,11,11,0.0009802519030038227,0.08129802280858331
mod24,2,4096,0.6595362381022669,train,11,11,0.026030198175526896,0.08198503228712922
mod24,2,4096,0.6595362381022669,holdout,11,11,0.0024968543567159517,0.11631808447899199
mod24,2,8192,0.7144975912774558,train,11,11,0.03862584889256662,0.11472436636725782
mod24,2,8192,0.7144975912774558,holdout,11,11,0.0007330453074501172,0.16496800939635936
mod24,20,256,0.4396908254015113,train,10,10,0.015507679180887371,0.06450324857011029
mod24,20,256,0.4396908254015113,holdout,11,11,-0.016250387837418553,0.032935294249738595
mod24,20,512,0.4946521785767002,train,10,10,0.010002236947553275,0.0627744984620496
mod24,20,512,0.4946521785767002,holdout,11,11,-0.0026784347772217717,0.03288683612325509
mod24,20,1024,0.5496135317518891,train,10,10,0.014704623287671234,0.08781131718185689
mod24,20,1024,0.5496135317518891,holdout,11,11,-0.0035705946450809464,0.0463630324598132
mod24,20,2048,0.604574884927078,train,10,10,0.022188208919964463,0.12352092223707008
mod24,20,2048,0.604574884927078,holdout,11,11,-0.00528093454787286,0.0653764895510886
mod24,20,4096,0.6595362381022669,train,10,10,0.03469939446366782,0.17449518708102965
mod24,20,4096,0.6595362381022669,holdout,11,11,-0.004512032085561495,0.09073849590509195
mod24,20,8192,0.7144975912774558,train,10,10,0.05235071257205668,0.24677853540634775
mod24,20,8192,0.7144975912774558,holdout,11,11,-0.009060862910838434,0.12545033133487588
mod24,21,256,0.4396908254015113,train,10,10,0.0038182593856655282,0.040368077836644936
mod24,21,256,0.4396908254015113,holdout,11,11,0.015183834936394662,0.03644376374856833
mod24,21,512,0.4946521785767002,train,10,10,-0.017360378025285096,0.04099975503471389
mod24,21,512,0.4946521785767002,holdout,11,11,0.016111815352210953,0.03348702192501264
mod24,21,1024,0.5496135317518891,train,10,10,-0.02352311643835616,0.05839840208170826
mod24,21,1024,0.5496135317518891,holdout,11,11,0.022620252179327515,0.04726338737133463
mod24,21,2048,0.604574884927078,train,10,10,-0.030951108678225564,0.08321553809227009
mod24,21,2048,0.604574884927078,holdout,11,11,0.030636323560077883,0.06659617279766045
mod24,21,4096,0.6595362381022669,train,10,10,-0.04041414359861591,0.11513822080173686
mod24,21,4096,0.6595362381022669,holdout,11,11,0.04289379521862221,0.09371028810367024
mod24,21,8192,0.7144975912774558,train,10,10,-0.055382277829117435,0.1629612122054408
mod24,21,8192,0.7144975912774558,holdout,11,11,0.06272823763127679,0.13004731324385685
mod24,22,256,0.4396908254015113,train,10,10,-0.001194539249146759,0.03394911581677884
mod24,22,256,0.4396908254015113,holdout,11,11,0.011693298169407385,0.0351640169670088
mod24,22,512,0.4946521785767002,train,10,10,-0.0004683826969397925,0.044449891573021885
mod24,22,512,0.4946521785767002,holdout,11,11,0.024284475313477383,0.024098556498091474
mod24,22,1024,0.5496135317518891,train,10,10,-0.0009096746575342499,0.06254447935009606
mod24,22,1024,0.5496135317518891,holdout,11,11,0.03443142901618929,0.033444292494825986
mod24,22,2048,0.604574884927078,train,10,10,-0.00023539852036922883,0.08772225056231045
mod24,22,2048,0.604574884927078,holdout,11,11,0.04855698511076787,0.04574858684111424
mod24,22,4096,0.6595362381022669,train,10,10,-0.000210856401384088,0.12258722130529572
mod24,22,4096,0.6595362381022669,holdout,11,11,0.06872247562126454,0.06531735962497978
mod24,22,8192,0.7144975912774558,train,10,10,0.0030199352113175772,0.17720931942419949
mod24,22,8192,0.7144975912774558,holdout,11,11,0.09670911673913496,0.09659560037575708
mod24,23,256,0.4396908254015113,train,10,10,0.0251919795221843,0.05135293900504841
mod24,23,256,0.4396908254015113,holdout,11,11,0.010200124107973938,0.03871969774208803
mod24,23,512,0.4946521785767002,train,10,10,0.014791827751744233,0.039219893227242376
mod24,23,512,0.4946521785767002,holdout,11,11,0.009724778575759036,0.027152081336232144
mod24,23,1024,0.5496135317518891,train,10,10,0.02033390410958904,0.05528600896729476
mod24,23,1024,0.5496135317518891,holdout,11,11,0.013212173100871728,0.03866604747604627
mod24,23,2048,0.604574884927078,train,10,10,0.028688245482418127,0.07839666458787276
mod24,23,2048,0.604574884927078,holdout,11,11,0.0201572926533185,0.05527707945993617
mod24,23,4096,0.6595362381022669,train,10,10,0.03952205882352941,0.11327121315948127
mod24,23,4096,0.6595362381022669,holdout,11,11,0.02881212645486003,0.07854011900066554
mod24,23,8192,0.7144975912774558,train,10,10,0.052796530992212674,0.15774288571536632
mod24,23,8192,0.7144975912774558,holdout,11,11,0.03540115439104297,0.11736686452745536
mod24,3,256,0.4396908254015113,train,11,11,0.02334781259695936,0.03863117194238187
mod24,3,256,0.4396908254015113,holdout,11,11,-0.0013768228358672042,0.02535622492499085
mod24,3,512,0.4946521785767002,train,11,11,-0.0010026960960881509,0.03892164680759414
mod24,3,512,0.4946521785767002,holdout,11,11,-0.017828760722224918,0.023760068860026053
mod24,3,1024,0.5496135317518891,train,11,11,-0.001021559775840601,0.05421831148978827
mod24,3,1024,0.5496135317518891,holdout,11,11,-0.024566080323785808,0.034282086536984904
mod24,3,2048,0.604574884927078,train,11,11,-0.001456571489674749,0.07700480484776745
mod24,3,2048,0.604574884927078,holdout,11,11,-0.03494390938736239,0.04963416431883111
mod24,3,4096,0.6595362381022669,train,11,11,-0.0007520053475935803,0.1108910457591512
mod24,3,4096,0.6595362381022669,holdout,11,11,-0.049883021390374344,0.07031436669938834
mod24,3,8192,0.7144975912774558,train,11,11,0.0025656585760756214,0.1566145839025478
mod24,3,8192,0.7144975912774558,holdout,11,11,-0.0704886499726482,0.0956248423516097
mod24,4,256,0.4396908254015113,train,11,11,-0.00843546385355259,0.032501332202883475
mod24,4,256,0.4396908254015113,holdout,11,11,0.005623642569035061,0.03490327867193279
mod24,4,512,0.4946521785767002,train,11,11,-0.004889860413799746,0.02753761006797549
mod24,4,512,0.4946521785767002,holdout,11,11,-0.009161620494394463,0.04197107043616987
mod24,4,1024,0.5496135317518891,train,11,11,-0.007004981320049813,0.03942990113998963
mod24,4,1024,0.5496135317518891,holdout,11,11,-0.013163527397260273,0.05865534484572736
mod24,4,2048,0.604574884927078,train,11,11,-0.011141736418649307,0.056384593995032546
mod24,4,2048,0.604574884927078,holdout,11,11,-0.01921845984480774,0.08294762418408003
mod24,4,4096,0.6595362381022669,train,11,11,-0.017527131173324943,0.08311734442292237
mod24,4,4096,0.6595362381022669,holdout,11,11,-0.026511874803397287,0.11762987199802163
mod24,4,8192,0.7144975912774558,train,11,11,-0.026558795369925347,0.12176624131583336
mod24,4,8192,0.7144975912774558,holdout,11,11,-0.03137292945635292,0.16185307081697353
mod24,5,256,0.4396908254015113,train,11,11,0.004130468507601614,0.035508270531335026
mod24,5,256,0.4396908254015113,holdout,11,11,0.011169717654359292,0.05267737258164627
mod24,5,512,0.4946521785767002,train,11,11,-0.0021564833847375147,0.05416125459354341
mod24,5,512,0.4946521785767002,holdout,11,11,0.0028569970957032396,0.041130755571938384
mod24,5,1024,0.5496135317518891,train,11,11,-0.003609511207970113,0.07703419166194886
mod24,5,1024,0.5496135317518891,holdout,11,11,0.004660258405977586,0.057446599813583375
mod24,5,2048,0.604574884927078,train,11,11,-0.00439732719868627,0.1100233284774379
mod24,5,2048,0.604574884927078,holdout,11,11,0.005826285958698905,0.08193988256432641
mod24,5,4096,0.6595362381022669,train,11,11,-0.004669314249764077,0.1566588891043018
mod24,5,4096,0.6595362381022669,holdout,11,11,0.0077903821956590074,0.11788626887302499
mod24,5,8192,0.7144975912774558,train,11,11,-0.0014237995394705625,0.22283476474101266
mod24,5,8192,0.7144975912774558,holdout,11,11,0.009596549866282682,0.16800746115350798
mod24,6,256,0.4396908254015113,train,11,11,0.009152963077877753,0.04319720475546217
mod24,6,256,0.4396908254015113,holdout,11,11,-0.015532888613093392,0.041902996435315636
mod24,6,512,0.4946521785767002,train,11,11,0.007925419827984415,0.03174651136428257
mod24,6,512,0.4946521785767002,holdout,11,11,-0.019119903640475413,0.033000776689771784
mod24,6,1024,0.5496135317518891,train,11,11,0.01119824097135741,0.0451426897974072
mod24,6,1024,0.5496135317518891,holdout,11,11,-0.02795182129514321,0.047145261868094326
mod24,6,2048,0.604574884927078,train,11,11,0.01738911650469495,0.06385082975046408
mod24,6,2048,0.604574884927078,holdout,11,11,-0.04017652165832656,0.06713396241537939
mod24,6,4096,0.6595362381022669,train,11,11,0.02483583674111356,0.09147062768504823
mod24,6,4096,0.6595362381022669,holdout,11,11,-0.05969349638251023,0.09520855454541938
mod24,6,8192,0.7144975912774558,train,11,11,0.030576447535757976,0.13160347689267599
mod24,6,8192,0.7144975912774558,holdout,11,11,-0.084057036673048,0.13238286949126957
mod24,7,256,0.4396908254015113,train,11,11,-0.004906143344709897,0.013893054170591963
mod24,7,256,0.4396908254015113,holdout,11,11,0.018053831833695314,0.03510398404014434
mod24,7,512,0.4946521785767002,train,11,11,-0.022196669743540412,0.024780747838683934
mod24,7,512,0.4946521785767002,holdout,11,11,0.010164316590482624,0.036585420598265285
mod24,7,1024,0.5496135317518891,train,11,11,-0.03069543897882939,0.034117164328678284
mod24,7,1024,0.5496135317518891,holdout,11,11,0.015080168119551679,0.05125862971689963
mod24,7,2048,0.604574884927078,train,11,11,-0.04291018189487248,0.047093535129033366
mod24,7,2048,0.604574884927078,holdout,11,11,0.021751927791303617,0.07246355067298242
mod24,7,4096,0.6595362381022669,train,11,11,-0.06178240012582572,0.06793833528743973
mod24,7,4096,0.6595362381022669,holdout,11,11,0.03282282164202579,0.10371295249773123
mod24,7,8192,0.7144975912774558,train,11,11,-0.08739803163200352,0.09654116992114482
mod24,7,8192,0.7144975912774558,holdout,11,11,0.05143652049151542,0.15114748161902908
mod24,8,256,0.4396908254015113,train,11,11,-0.012178094942600064,0.03030473835000836
mod24,8,256,0.4396908254015113,holdout,11,11,0.022358827179646296,0.04230275462261944
mod24,8,512,0.4946521785767002,train,11,11,-0.010109374338642172,0.02896828013923776
mod24,8,512,0.4946521785767002,holdout,11,11,0.023872408424674026,0.05144303436040973
mod24,8,1024,0.5496135317518891,train,11,11,-0.013971046077210463,0.040593145335561784
mod24,8,1024,0.5496135317518891,holdout,11,11,0.034266033623910334,0.07343702616011087
mod24,8,2048,0.604574884927078,train,11,11,-0.020405807220277197,0.05694826899326364
mod24,8,2048,0.604574884927078,holdout,11,11,0.04886762831946629,0.10397690563784909
mod24,8,4096,0.6595362381022669,train,11,11,-0.031230339729474678,0.08058452712899204
mod24,8,4096,0.6595362381022669,holdout,11,11,0.06934177414281222,0.14702283034896077
mod24,8,8192,0.7144975912774558,train,11,11,-0.04165670929837024,0.11547083912531532
mod24,8,8192,0.7144975912774558,holdout,11,11,0.10166774533328106,0.20892386250930814
mod24,9,256,0.4396908254015113,train,11,11,-0.0030251318647223063,0.040166310678676015
mod24,9,256,0.4396908254015113,holdout,10,10,-0.003626279863481227,0.05309115175609569
mod24,9,512,0.4946521785767002,train,11,11,0.017581520588942894,0.0350245075019562
mod24,9,512,0.4946521785767002,holdout,10,10,0.016604922062478968,0.042892838424426906
mod24,9,1024,0.5496135317518891,train,11,11,0.0255876400996264,0.04953533559551833
mod24,9,1024,0.5496135317518891,holdout,10,10,0.022613441780821916,0.05879891640922541
mod24,9,2048,0.604574884927078,train,11,11,0.0364349967891147,0.07028067562181758
mod24,9,2048,0.604574884927078,holdout,10,10,0.032355906299783896,0.08112516978816041
mod24,9,4096,0.6595362381022669,train,11,11,0.05148041837055677,0.09999451323516204
mod24,9,4096,0.6595362381022669,holdout,10,10,0.045344939446366785,0.11414886703615754
mod24,9,8192,0.7144975912774558,train,11,11,0.0681309225174359,0.1442411719607554
mod24,9,8192,0.7144975912774558,holdout,10,10,0.061247697565604484,0.16702751043822472
mod30,0,256,0.4396908254015113,train,8,8,-0.04719496587030717,0.044273820903121895
mod30,0,256,0.4396908254015113,holdout,9,9,0.0011376564277588192,0.0552844895341298
mod30,0,512,0.4946521785767002,train,8,8,-0.033617790344873236,0.03652132065866478
mod30,0,512,0.4946521785767002,holdout,9,9,0.004834918161959288,0.056516942545803826
mod30,0,1024,0.5496135317518891,train,8,8,-0.048386665239726026,0.052116493344112905
mod30,0,1024,0.5496135317518891,holdout,9,9,0.005196442161339425,0.08111810047305978
mod30,0,2048,0.604574884927078,train,8,8,-0.06823709527961352,0.07446724004219873
mod30,0,2048,0.604574884927078,holdout,9,9,0.005264827122236597,0.11499133296657531
mod30,0,4096,0.6595362381022669,train,8,8,-0.09531790657439446,0.10415952046067146
mod30,0,4096,0.6595362381022669,holdout,9,9,0.004018886966551326,0.16433902539629322
mod30,0,8192,0.7144975912774558,train,8,8,-0.13264067170119365,0.14702790178300096
mod30,0,8192,0.7144975912774558,holdout,9,9,0.005151679521802597,0.23177825401918198
mod30,1,256,0.4396908254015113,train,9,9,-0.003389268107698141,0.04140800735664684
mod30,1,256,0.4396908254015113,holdout,9,9,0.008153204398938189,0.039168896133266344
mod30,1,512,0.4946521785767002,train,9,9,-0.017946276094216975,0.04876916037835495
mod30,1,512,0.4946521785767002,holdout,9,9,-0.0025853381838254644,0.03394868510363941
mod30,1,1024,0.5496135317518891,train,9,9,-0.026517313546423133,0.06927236741715588
mod30,1,1024,0.5496135317518891,holdout,9,9,-0.00332952815829528,0.047708256382443595
mod30,1,2048,0.604574884927078,train,9,9,-0.03882810002649498,0.0978218483308939
mod30,1,2048,0.604574884927078,holdout,9,9,-0.00469109596148004,0.06723831277616683
mod30,1,4096,0.6595362381022669,train,9,9,-0.05708741830065359,0.13651837335115258
mod30,1,4096,0.6595362381022669,holdout,9,9,-0.0072748462129950025,0.09461705274357729
mod30,1,8192,0.7144975912774558,train,9,9,-0.08964611555832379,0.1981268514003802
mod30,1,8192,0.7144975912774558,holdout,9,9,-0.008713919458701163,0.13474022690634196
mod30,10,256,0.4396908254015113,train,9,9,0.0051905574516496016,0.02846157916871103
mod30,10,256,0.4396908254015113,holdout,8,8,0.010478882252559727,0.040883263667662616
mod30,10,512,0.4946521785767002,train,9,9,-0.010828202133554678,0.028346918434243543
mod30,10,512,0.4946521785767002,holdout,8,8,0.010784133869057641,0.02620972625670388
mod30,10,1024,0.5496135317518891,train,9,9,-0.016076864535768644,0.03988999014390056
mod30,10,1024,0.5496135317518891,holdout,8,8,0.014982876712328768,0.03795500205913766
mod30,10,2048,0.604574884927078,train,9,9,-0.02263706918102696,0.05708029247119128
mod30,10,2048,0.604574884927078,holdout,8,8,0.021157391205766943,0.054402784955099356
mod30,10,4096,0.6595362381022669,train,9,9,-0.030120626682045373,0.08358618850717973
mod30,10,4096,0.6595362381022669,holdout,8,8,0.031202692474048447,0.07599281322959257
mod30,10,8192,0.7144975912774558,train,9,9,-0.04037779585064997,0.1219292146106114
mod30,10,8192,0.7144975912774558,holdout,8,8,0.0454104827748022,0.10814905719748422
mod30,11,256,0.4396908254015113,train,9,9,-0.011163253697383394,0.03824272630695473
mod30,11,256,0.4396908254015113,holdout,8,8,0.02354415529010239,0.06299790167185138
mod30,11,512,0.4946521785767002,train,9,9,-0.028337992560372543,0.05308889101866149
mod30,11,512,0.4946521785767002,holdout,8,8,0.00983981391554999,0.04667529768045806
mod30,11,1024,0.5496135317518891,train,9,9,-0.0409888698630137,0.07503361658752337
mod30,11,1024,0.5496135317518891,holdout,8,8,0.013712007705479453,0.06521295731039534
mod30,11,2048,0.604574884927078,train,9,9,-0.05964272904982466,0.10652939981870385
mod30,11,2048,0.604574884927078,holdout,8,8,0.018271860956079574,0.0930572800339496
mod30,11,4096,0.6595362381022669,train,9,9,-0.08492526912725876,0.15162092724847262
mod30,11,4096,0.6595362381022669,holdout,8,8,0.023694312283737026,0.13330844835752298
mod30,11,8192,0.7144975912774558,train,9,9,-0.11637368364593659,0.2210105908661264
mod30,11,8192,0.7144975912774558,holdout,8,8,0.031110372363059382,0.19025703151336115
mod30,12,256,0.4396908254015113,train,9,9,-0.003484072810011376,0.05266568676389684
mod30,12,256,0.4396908254015113,holdout,8,8,-0.009705631399317408,0.042173888454707195
mod30,12,512,0.4946521785767002,train,9,9,0.006261890536148665,0.029780310838217097
mod30,12,512,0.4946521785767002,holdout,8,8,-0.008952153159252763,0.0466857988920144
mod30,12,1024,0.5496135317518891,train,9,9,0.00877568493150685,0.04178720729990975
mod30,12,1024,0.5496135317518891,holdout,8,8,-0.013390946061643837,0.0671343290464285
mod30,12,2048,0.604574884927078,train,9,9,0.013718924520443472,0.05806688683800461
mod30,12,2048,0.604574884927078,holdout,8,8,-0.018860357257002653,0.09544674279565488
mod30,12,4096,0.6595362381022669,train,9,9,0.02145809304113802,0.08151110426763876
mod30,12,4096,0.6595362381022669,holdout,8,8,-0.02899275519031142,0.13350745365785174
mod30,12,8192,0.7144975912774558,train,9,9,0.029126803450191512,0.11459760584849449
mod30,12,8192,0.7144975912774558,holdout,8,8,-0.044039106547583216,0.1909125844231342
mod30,13,256,0.4396908254015113,train,9,9,-0.008082100872203261,0.027717131511105636
mod30,13,256,0.4396908254015113,holdout,8,8,-0.01298528156996587,0.03806903458201958
mod30,13,512,0.4946521785767002,train,9,9,0.006564072921271129,0.03786410634607365
mod30,13,512,0.4946521785767002,holdout,8,8,-0.006648012472694028,0.026115871782535563
mod30,13,1024,0.5496135317518891,train,9,9,0.008371385083713852,0.0524270654618609
mod30,13,1024,0.5496135317518891,holdout,8,8,-0.00805329623287671,0.037132219649651264
mod30,13,2048,0.604574884927078,train,9,9,0.011963982146364571,0.07425922552487867
mod30,13,2048,0.604574884927078,holdout,8,8,-0.010479030906759374,0.05243987892967396
mod30,13,4096,0.6595362381022669,train,9,9,0.01652008842752787,0.10444277732207684
mod30,13,4096,0.6595362381022669,holdout,8,8,-0.010698259083044982,0.07249618927667145
mod30,13,8192,0.7144975912774558,train,9,9,0.02655957853798886,0.1434748905313737
mod30,13,8192,0.7144975912774558,holdout,8,8,-0.00935734097088279,0.10306563426825296
mod30,14,256,0.4396908254015113,train,9,9,0.006020098596890406,0.030818170701840234
mod30,14,256,0.4396908254015113,holdout,8,8,-0.0017064846416382264,0.05353093868818264
mod30,14,512,0.4946521785767002,train,9,9,-0.0011583658096360836,0.029689227109678668
mod30,14,512,0.4946521785767002,holdout,8,8,-0.007686764421552485,0.048343544881293866
mod30,14,1024,0.5496135317518891,train,9,9,-0.0014626141552511417,0.0409747214283602
mod30,14,1024,0.5496135317518891,holdout,8,8,-0.010661922089041095,0.06947926333442063
mod30,14,2048,0.604574884927078,train,9,9,-0.002328673534835443,0.058956087763362544
mod30,14,2048,0.604574884927078,holdout,8,8,-0.014617488764863674,0.09964059340145202
mod30,14,4096,0.6595362381022669,train,9,9,-0.004163062283737022,0.08242293406033904
mod30,14,4096,0.6595362381022669,holdout,8,8,-0.02033547794117647,0.14327609388640908
mod30,14,8192,0.7144975912774558,train,9,9,-0.005552269986290584,0.11396895581869317
mod30,14,8192,0.7144975912774558,holdout,8,8,-0.029346482092007443,0.19889206471141224
mod30,15,256,0.4396908254015113,train,9,9,0.007963594994311715,0.03977327210398444
mod30,15,256,0.4396908254015113,holdout,8,8,-0.014345136518771333,0.03739446330907688
mod30,15,512,0.4946521785767002,train,9,9,-0.0035086732494774087,0.03126490602362338
mod30,15,512,0.4946521785767002,holdout,8,8,-0.0017753215125944364,0.03387580159387562
mod30,15,1024,0.5496135317518891,train,9,9,-0.004922945205479453,0.04375825352156845
mod30,15,1024,0.5496135317518891,holdout,8,8,-0.0018728595890410964,0.04751033932594242
mod30,15,2048,0.604574884927078,train,9,9,-0.00547575769604414,0.06280757455650084
mod30,15,2048,0.604574884927078,holdout,8,8,-0.0023255095762283132,0.06615646906849867
mod30,15,4096,0.6595362381022669,train,9,9,-0.006349721261053441,0.09364080370086096
mod30,15,4096,0.6595362381022669,holdout,8,8,-0.0009866998269896215,0.09296180128821727
mod30,15,8192,0.7144975912774558,train,9,9,-0.008421014602946525,0.14336417970533413
mod30,15,8192,0.7144975912774558,holdout,8,8,0.0007074944493779996,0.1315155505786965
mod30,16,256,0.4396908254015113,train,9,9,-0.00971748198710656,0.045249644209690944
mod30,16,256,0.4396908254015113,holdout,8,8,0.009918941979522186,0.03861148779376336
mod30,16,512,0.4946521785767002,train,9,9,-0.0032400666849240947,0.04475992816378867
mod30,16,512,0.4946521785767002,holdout,8,8,0.005250418941502678,0.03313587672526123
mod30,16,1024,0.5496135317518891,train,9,9,-0.005077530441400305,0.06351232477392171
mod30,16,1024,0.5496135317518891,holdout,8,8,0.006929580479452056,0.0472327349545632
mod30,16,2048,0.604574884927078,train,9,9,-0.006800401699555608,0.08973193581152587
mod30,16,2048,0.604574884927078,holdout,8,8,0.010222750259583205,0.06822811123499133
mod30,16,4096,0.6595362381022669,train,9,9,-0.011041426374471357,0.12746055258213737
mod30,16,4096,0.6595362381022669,holdout,8,8,0.01612510813148789,0.09695155309079406
mod30,16,8192,0.7144975912774558,train,9,9,-0.016906640571133023,0.18536537952503215
mod30,16,8192,0.7144975912774558,holdout,8,8,0.027156156810371486,0.13056965926218644
mod30,17,256,0.4396908254015113,train,8,8,0.023117534129692835,0.04663513993599106
mod30,17,256,0.4396908254015113,holdout,9,9,0.0009480470231323507,0.049894287580162386
mod30,17,512,0.4946521785767002,train,8,8,0.014127026504474817,0.030752479838670556
mod30,17,512,0.4946521785767002,holdout,9,9,0.0007554559628061333,0.04349432324541519
mod30,17,1024,0.5496135317518891,train,8,8,0.019785423801369863,0.04317701483957927
mod30,17,1024,0.5496135317518891,holdout,9,9,0.0018669140030441417,0.06148517020029707
mod30,17,2048,0.604574884927078,train,8,8,0.028788859366124322,0.060125490241030324
mod30,17,2048,0.604574884927078,holdout,9,9,0.0030374002628287943,0.08676604630007653
mod30,17,4096,0.6595362381022669,train,8,8,0.040265462802768166,0.08500735421516653
mod30,17,4096,0.6595362381022669,holdout,9,9,0.0019103229527104968,0.12329523097954505
mod30,17,8192,0.7144975912774558,train,8,8,0.05674977737442203,0.11599956153664252
mod30,17,8192,0.7144975912774558,holdout,9,9,-0.00421266101364799,0.17356226180641104
mod30,18,256,0.4396908254015113,train,8,8,0.0032263225255972712,0.03072612586931076
mod30,18,256,0.4396908254015113,holdout,9,9,-0.001753886992794843,0.03422783753084799
mod30,18,512,0.4946521785767002,train,8,8,0.007667878022482317,0.018709658778872592
mod30,18,512,0.4946521785767002,holdout,9,9,-0.006211526805294947,0.029218615141022086
mod30,18,1024,0.5496135317518891,train,8,8,0.009698737157534247,0.027007490040459874
mod30,18,1024,0.5496135317518891,holdout,9,9,-0.008882705479452057,0.04128771044901815
mod30,18,2048,0.604574884927078,train,8,8,0.011760434142640346,0.03825392236860645
mod30,18,2048,0.604574884927078,holdout,9,9,-0.012925825562927061,0.058814981009336666
mod30,18,4096,0.6595362381022669,train,8,8,0.014050335207612456,0.05754112424180199
mod30,18,4096,0.6595362381022669,holdout,9,9,-0.01784770280661284,0.08239623121872827
mod30,18,8192,0.7144975912774558,train,8,8,0.019383409571999667,0.08939782196445949
mod30,18,8192,0.7144975912774558,holdout,9,9,-0.023251476637700903,0.1168968142103269
mod30,19,256,0.4396908254015113,train,8,8,-0.00010665529010239067,0.04237638960028315
mod30,19,256,0.4396908254015113,holdout,9,9,0.011163253697383392,0.03446038860150979
mod30,19,512,0.4946521785767002,train,8,8,-0.005174873345222047,0.03247931024773178
mod30,19,512,0.4946521785767002,holdout,9,9,0.0004532735776836941,0.03345561274773039
mod30,19,1024,0.5496135317518891,train,8,8,-0.00700984589041096,0.04506231400983604
mod30,19,1024,0.5496135317518891,holdout,9,9,0.0012842465753424646,0.047763907199661795
mod30,19,2048,0.604574884927078,train,8,8,-0.010820738436327654,0.06357735556532075
mod30,19,2048,0.604574884927078,holdout,9,9,0.0024046085414061546,0.06900931870065395
mod30,19,4096,0.6595362381022669,train,8,8,-0.017307796280276816,0.08783657860684613
mod30,19,4096,0.6595362381022669,holdout,9,9,0.004247164552095347,0.09929560670949204
mod30,19,8192,0.7144975912774558,train,8,8,-0.02637597457509852,0.12315056975549449
mod30,19,8192,0.7144975912774558,holdout,9,9,0.006262995003930584,0.1450163023207788
mod30,2,256,0.4396908254015113,train,9,9,0.03187808115282518,0.04831568353674437
mod30,2,256,0.4396908254015113,holdout,9,9,-0.01566647705726204,0.041811881605521545
mod30,2,512,0.4946521785767002,train,9,9,0.023083376641298708,0.047829776539757556
mod30,2,512,0.4946521785767002,holdout,9,9,-0.0203805230854812,0.024795008937331865
mod30,2,1024,0.5496135317518891,train,9,9,0.03249857305936074,0.06734056975165365
mod30,2,1024,0.5496135317518891,holdout,9,9,-0.02790858066971081,0.03497492162944246
mod30,2,2048,0.604574884927078,train,9,9,0.047585937450984744,0.09633673206684872
mod30,2,2048,0.604574884927078,holdout,9,9,-0.03860029500678287,0.05063578319714541
mod30,2,4096,0.6595362381022669,train,9,9,0.07043564975009611,0.13989074214673317
mod30,2,4096,0.6595362381022669,holdout,9,9,-0.054300028835063435,0.07265092766752981
mod30,2,8192,0.7144975912774558,train,9,9,0.10545436292037674,0.20282127882555448
mod30,2,8192,0.7144975912774558,holdout,9,9,-0.07634048174323332,0.10483770538771671
mod30,20,256,0.4396908254015113,train,8,8,-0.017011518771331058,0.04186290495422791
mod30,20,256,0.4396908254015113,holdout,9,9,0.011044747819491848,0.04555389375972881
mod30,20,512,0.4946521785767002,train,8,8,-0.017356600745471067,0.03462352719882355
mod30,20,512,0.4946521785767002,holdout,9,9,0.011029657056969637,0.042570530034218027
mod30,20,1024,0.5496135317518891,train,8,8,-0.024159888698630134,0.04840746365752483
mod30,20,1024,0.5496135317518891,holdout,9,9,0.01617199391171993,0.06086354263184749
mod30,20,2048,0.604574884927078,train,8,8,-0.03334495976036758,0.06830139850266924
mod30,20,2048,0.604574884927078,holdout,9,9,0.021886156338272077,0.08715440815625862
mod30,20,4096,0.6595362381022669,train,8,8,-0.04594236591695502,0.09519594624298006
mod30,20,4096,0.6595362381022669,holdout,9,9,0.029519896193771638,0.12428734420337356
mod30,20,8192,0.7144975912774558,train,8,8,-0.061266111804697924,0.1300033308002981
mod30,20,8192,0.7144975912774558,holdout,9,9,0.03717737955909531,0.17317523106900354
mod30,21,256,0.4396908254015113,train,8,8,-0.0009332337883959053,0.029826441799078455
mod30,21,256,0.4396908254015113,holdout,9,9,0.020122298065984073,0.0384957639148335
mod30,21,512,0.4946521785767002,train,8,8,0.009594290727637986,0.03267344855737092
mod30,21,512,0.4946521785767002,holdout,9,9,0.022512587691622985,0.02979878784377214
mod30,21,1024,0.5496135317518891,train,8,8,0.014661815068493157,0.04616618850570416
mod30,21,1024,0.5496135317518891,holdout,9,9,0.03197536149162862,0.04250002021786216
mod30,21,2048,0.604574884927078,train,8,8,0.021859790016546084,0.0653612392522217
mod30,21,2048,0.604574884927078,holdout,9,9,0.045029458896437134,0.05902681855809392
mod30,21,4096,0.6595362381022669,train,8,8,0.03237862240484429,0.09087200307538712
mod30,21,4096,0.6595362381022669,holdout,9,9,0.06435625720876587,0.0828075600925688
mod30,21,8192,0.7144975912774558,train,8,8,0.04700961406449221,0.12464110000174805
mod30,21,8192,0.7144975912774558,holdout,9,9,0.08953412252524105,0.12040153684161783
mod30,22,256,0.4396908254015113,train,8,8,-0.026050554607508533,0.038479011968978655
mod30,22,256,0.4396908254015113,holdout,9,9,0.006209708001516875,0.017915690243428577
mod30,22,512,0.4946521785767002,train,8,8,-0.02238038289813191,0.03411645795500824
mod30,22,512,0.4946521785767002,holdout,9,9,0.009636260503349436,0.01957604594666777
mod30,22,1024,0.5496135317518891,train,8,8,-0.03118311215753425,0.050571384798039715
mod30,22,1024,0.5496135317518891,holdout,9,9,0.014043474124809743,0.027571595251830304
mod30,22,2048,0.604574884927078,train,8,8,-0.04409925506594582,0.07307807602807756
mod30,22,2048,0.604574884927078,holdout,9,9,0.019582794472293514,0.03881856366594202
mod30,22,4096,0.6595362381022669,train,8,8,-0.06641300821799308,0.10433851324072595
mod30,22,4096,0.6595362381022669,holdout,9,9,0.028132208765859288,0.058031422880910864
mod30,22,8192,0.7144975912774558,train,8,8,-0.10334264813311612,0.14501786815665324
mod30,22,8192,0.7144975912774558,holdout,9,9,0.041286662388359284,0.08912452094312222
mod30,23,256,0.4396908254015113,train,8,8,0.013731868600682597,0.0443970043111859
mod30,23,256,0.4396908254015113,holdout,9,9,0.013533371255214258,0.029843307253500196
mod30,23,512,0.4946521785767002,train,8,8,0.00685576286246572,0.044416694508798635
mod30,23,512,0.4946521785767002,holdout,9,9,0.0012926690919127445,0.051026568861952906
mod30,23,1024,0.5496135317518891,train,8,8,0.010247217465753427,0.06353799206009161
mod30,23,1024,0.5496135317518891,holdout,9,9,0.00241390791476408,0.07241889808755675
mod30,23,2048,0.604574884927078,train,8,8,0.015281920072357444,0.08991073771654798
mod30,23,2048,0.604574884927078,holdout,9,9,0.0055348182567102715,0.10160041766382026
mod30,23,4096,0.6595362381022669,train,8,8,0.024883758650519023,0.12861923692864036
mod30,23,4096,0.6595362381022669,holdout,9,9,0.010879229142637444,0.1440303244307495
mod30,23,8192,0.7144975912774558,train,8,8,0.03861175186742333,0.18009294416986593
mod30,23,8192,0.7144975912774558,holdout,9,9,0.018388394547303677,0.20452548793186545
mod30,24,256,0.4396908254015113,train,8,8,-0.0005599402730375422,0.0536362277981261
mod30,24,256,0.4396908254015113,holdout,9,9,0.00649412210845658,0.042796969980227056
mod30,24,512,0.4946521785767002,train,8,8,-0.013522661734229918,0.05015609927496801
mod30,24,512,0.4946521785767002,holdout,9,9,0.0047006148796826484,0.04022251051674756
mod30,24,1024,0.5496135317518891,train,8,8,-0.019263698630136987,0.07151933593242812
mod30,24,1024,0.5496135317518891,holdout,9,9,0.006528253424657534,0.056587918006944654
mod30,24,2048,0.604574884927078,train,8,8,-0.025789426606580845,0.10138973935381194
mod30,24,2048,0.604574884927078,holdout,9,9,0.008808460762203513,0.07928661996204552
mod30,24,4096,0.6595362381022669,train,8,8,-0.03531168901384083,0.14317286971653617
mod30,24,4096,0.6595362381022669,holdout,9,9,0.012717464436755095,0.1116649306117109
mod30,24,8192,0.7144975912774558,train,8,8,-0.05301847103181215,0.196900061647654
mod30,24,8192,0.7144975912774558,holdout,9,9,0.019219727446724996,0.15928261210344188
mod30,25,256,0.4396908254015113,train,8,8,-0.021224402730375423,0.025374354410059745
mod30,25,256,0.4396908254015113,holdout,9,9,-0.014007394766780432,0.05832718338610914
mod30,25,512,0.4946521785767002,train,8,8,-0.011860658616056447,0.04255433404634317
mod30,25,512,0.4946521785767002,holdout,9,9,-0.003391157877485342,0.055441363941330236
mod30,25,1024,0.5496135317518891,train,8,8,-0.01756474743150685,0.059595537250955746
mod30,25,1024,0.5496135317518891,holdout,9,9,-0.0043402777777777745,0.07853157509984296
mod30,25,2048,0.604574884927078,train,8,8,-0.026748106064536238,0.08266613542897315
mod30,25,2048,0.604574884927078,holdout,9,9,-0.006716029470032593,0.1117764851473132
mod30,25,4096,0.6595362381022669,train,8,8,-0.037798713235294115,0.11637411889300996
mod30,25,4096,0.6595362381022669,holdout,9,9,-0.008986928104575163,0.15986994283595066
mod30,25,8192,0.7144975912774558,train,8,8,-0.059012790441952984,0.16295126614084157
mod30,25,8192,0.7144975912774558,holdout,9,9,-0.010122447220933202,0.23091674293799383
mod30,26,256,0.4396908254015113,train,8,8,0.018211390784982937,0.031042147366006093
mod30,26,256,0.4396908254015113,holdout,9,9,-0.018486916951080776,0.024334941809225494
mod30,26,512,0.4946521785767002,train,8,8,0.010406405887654567,0.0397784843515157
mod30,26,512,0.4946521785767002,holdout,9,9,0.015730271936652298,0.04118852633619645
mod30,26,1024,0.5496135317518891,train,8,8,0.015504601883561644,0.0565965536860498
mod30,26,1024,0.5496135317518891,holdout,9,9,0.022224600456621002,0.057745321523347534
mod30,26,2048,0.604574884927078,train,8,8,0.02212556253954364,0.07888158659249069
mod30,26,2048,0.604574884927078,holdout,9,9,0.029994327595434505,0.0821543341750515
mod30,26,4096,0.6595362381022669,train,8,8,0.03234483131487889,0.10934071054455027
mod30,26,4096,0.6595362381022669,holdout,9,9,0.042808054594386774,0.11366349560749268
mod30,26,8192,0.7144975912774558,train,8,8,0.04576422999949123,0.15630962510506466
mod30,26,8192,0.7144975912774558,holdout,9,9,0.0589040279771322,0.16167658131884127
mod30,27,256,0.4396908254015113,train,8,8,-0.0037329351535836178,0.0300554964359641
mod30,27,256,0.4396908254015113,holdout,9,9,-0.02372487675388699,0.034748970789128315
mod30,27,512,0.4946521785767002,train,8,8,-0.007573446027131539,0.0601717270037406
mod30,27,512,0.4946521785767002,holdout,9,9,-0.02261331515333047,0.037937506164083694
mod30,27,1024,0.5496135317518891,train,8,8,-0.010166952054794523,0.08499031465531409
mod30,27,1024,0.5496135317518891,holdout,9,9,-0.032296423135464235,0.05361974509031172
mod30,27,2048,0.604574884927078,train,8,8,-0.012889967365379744,0.1207086762119389
mod30,27,2048,0.604574884927078,holdout,9,9,-0.0459406789752858,0.07513955953507434
mod30,27,4096,0.6595362381022669,train,8,8,-0.016199448529411766,0.16929246525557357
mod30,27,4096,0.6595362381022669,holdout,9,9,-0.06589412725874665,0.10915334363144026
mod30,27,8192,0.7144975912774558,train,8,8,-0.020357425902992644,0.23897412933094672
mod30,27,8192,0.7144975912774558,holdout,9,9,-0.09698165922523821,0.15889342358125902
mod30,28,256,0.4396908254015113,train,8,8,0.011358788395904436,0.02429808557408384
mod30,28,256,0.4396908254015113,holdout,9,9,-0.01113955252180508,0.04741361824524141
mod30,28,512,0.4946521785767002,train,8,8,0.011785113019775794,0.02735257355742896
mod30,28,512,0.4946521785767002,holdout,9,9,-0.0011415778993514984,0.05129958251305035
mod30,28,1024,0.5496135317518891,train,8,8,0.016053082191780824,0.03831053748282069
mod30,28,1024,0.5496135317518891,holdout,9,9,-0.0023901255707762525,0.07163798719972915
mod30,28,2048,0.604574884927078,train,8,8,0.023283571389747116,0.05501423941217278
mod30,28,2048,0.604574884927078,holdout,9,9,-0.004176425361389604,0.09984678825816153
mod30,28,4096,0.6595362381022669,train,8,8,0.032912521626297576,0.0752064284677794
mod30,28,4096,0.6595362381022669,holdout,9,9,-0.006025326797385621,0.14003538090324277
mod30,28,8192,0.7144975912774558,train,8,8,0.04543955788916022,0.11338190318683732
mod30,28,8192,0.7144975912774558,holdout,9,9,-0.010096602674837215,0.19882832151090346
mod30,29,256,0.4396908254015113,train,8,8,0.006372653583617747,0.0347544665901334
mod30,29,256,0.4396908254015113,holdout,9,9,-0.004977246871444823,0.033411886916095736
mod30,29,512,0.4946521785767002,train,8,8,0.001756435113524297,0.038276155583574424
mod30,29,512,0.4946521785767002,holdout,9,9,-0.008545046334851678,0.030635496175916495
mod30,29,1024,0.5496135317518891,train,8,8,0.001244113869863016,0.05438539350406975
mod30,29,1024,0.5496135317518891,holdout,9,9,-0.01211710426179604,0.043407347493792936
mod30,29,2048,0.604574884927078,train,8,8,0.0017180295236625324,0.07921225941786866
mod30,29,2048,0.604574884927078,holdout,9,9,-0.01866313717049256,0.06149613721968038
mod30,29,4096,0.6595362381022669,train,8,8,0.0031493295847750905,0.11348987009934208
mod30,29,4096,0.6595362381022669,holdout,9,9,-0.027976018838908115,0.08704320785480646
mod30,29,8192,0.7144975912774558,train,8,8,0.003828223390469906,0.16219255070367286
mod30,29,8192,0.7144975912774558,holdout,9,9,-0.04587406932039926,0.12418139692840935
mod30,3,256,0.4396908254015113,train,9,9,0.005925293894577171,0.040126319495447815
mod30,3,256,0.4396908254015113,holdout,8,8,-0.009279010238907849,0.040422053434422074
mod30,3,512,0.4946521785767002,train,9,9,-0.013497479868803041,0.0443563316448437
mod30,3,512,0.4946521785767002,holdout,8,8,-0.0361485678202738,0.04951391659325258
mod30,3,1024,0.5496135317518891,train,9,9,-0.018252949010654492,0.06275938769638965
mod30,3,1024,0.5496135317518891,holdout,8,8,-0.05007223886986302,0.07031291741147656
mod30,3,2048,0.604574884927078,train,9,9,-0.025801027788140356,0.08828393060767274
mod30,3,2048,0.604574884927078,holdout,8,8,-0.07035378358777232,0.09914265755877864
mod30,3,4096,0.6595362381022669,train,9,9,-0.036746683967704724,0.1252664376524719
mod30,3,4096,0.6595362381022669,holdout,8,8,-0.10101508434256055,0.14132324797941662
mod30,3,8192,0.7144975912774558,train,9,9,-0.05564330774468697,0.17797238789669603
mod30,3,8192,0.7144975912774558,holdout,8,8,-0.14067024911639442,0.19536542690465084
mod30,4,256,0.4396908254015113,train,9,9,0.007584376185058781,0.03670648549558573
mod30,4,256,0.4396908254015113,holdout,8,8,-0.005919368600682593,0.049155775731065374
mod30,4,512,0.4946521785767002,train,9,9,0.014538330306447026,0.04745248430947196
mod30,4,512,0.4946521785767002,holdout,8,8,-0.005137100547081764,0.034416968532822015
mod30,4,1024,0.5496135317518891,train,9,9,0.020678748097412478,0.06724440020400392
mod30,4,1024,0.5496135317518891,holdout,8,8,-0.006969713184931506,0.04873737163865882
mod30,4,2048,0.604574884927078,train,9,9,0.028711869706684618,0.09526996429114779
mod30,4,2048,0.604574884927078,holdout,8,8,-0.009406448938947976,0.0684993700982731
mod30,4,4096,0.6595362381022669,train,9,9,0.041089965397923874,0.13680808763782634
mod30,4,4096,0.6595362381022669,holdout,8,8,-0.013023086072664359,0.0975347152660419
mod30,4,8192,0.7144975912774558,train,9,9,0.0649387294905482,0.19735842240264656
mod30,4,8192,0.7144975912774558,holdout,8,8,-0.01799264993520872,0.13946815860158457
mod30,5,256,0.4396908254015113,train,9,9,0.006825938566552902,0.023617344396973296
mod30,5,256,0.4396908254015113,holdout,8,8,0.012611988054607507,0.030923715603203436
mod30,5,512,0.4946521785767002,train,9,9,0.022562951422476732,0.015585845638422649
mod30,5,512,0.4946521785767002,holdout,8,8,0.012672773776073017,0.027869487648905733
mod30,5,1024,0.5496135317518891,train,9,9,0.031226217656012176,0.022227949964544885
mod30,5,1024,0.5496135317518891,holdout,8,8,0.017297196061643837,0.03953672933340436
mod30,5,2048,0.604574884927078,train,9,9,0.04481852832262957,0.03113371796187065
mod30,5,2048,0.604574884927078,holdout,8,8,0.025371784070441956,0.05596992731914774
mod30,5,4096,0.6595362381022669,train,9,9,0.06265618992695117,0.04541965329705431
mod30,5,4096,0.6595362381022669,holdout,8,8,0.03721074826989619,0.0789204936393533
mod30,5,8192,0.7144975912774558,train,9,9,0.08902153902767045,0.06962516131429441
mod30,5,8192,0.7144975912774558,holdout,8,8,0.05389557031494509,0.1124843132764218
mod30,6,256,0.4396908254015113,train,9,9,0.013059347743648085,0.04115979206334328
mod30,6,256,0.4396908254015113,holdout,8,8,0.007092576791808873,0.04436387566024912
mod30,6,512,0.4946521785767002,train,9,9,0.015612756564660237,0.03084657228320841
mod30,6,512,0.4946521785767002,holdout,8,8,0.0011898431414196654,0.04789331630503807
mod30,6,1024,0.5496135317518891,train,9,9,0.022081906392694063,0.043627481290124365
mod30,6,1024,0.5496135317518891,holdout,8,8,0.002916309931506849,0.06855035770484645
mod30,6,2048,0.604574884927078,train,9,9,0.0328292345074081,0.06182730170971816
mod30,6,2048,0.604574884927078,holdout,8,8,0.0039770959691415005,0.09559821348538416
mod30,6,4096,0.6595362381022669,train,9,9,0.04750576701268743,0.08792007638616393
mod30,6,4096,0.6595362381022669,holdout,8,8,0.007102887110726645,0.13641945986665555
mod30,6,8192,0.7144975912774558,train,9,9,0.06916000535289472,0.12568786885888972
mod30,6,8192,0.7144975912774558,holdout,8,8,0.01139259897594282,0.19253607027092717
mod30,7,256,0.4396908254015113,train,9,9,-0.014505119453924915,0.02298687505888779
mod30,7,256,0.4396908254015113,holdout,8,8,0.011945392491467576,0.03738633597218971
mod30,7,512,0.4946521785767002,train,9,9,-0.006480133369848224,0.02717336815254524
mod30,7,512,0.4946521785767002,holdout,8,8,0.011294066643951816,0.03258637081162683
mod30,7,1024,0.5496135317518891,train,9,9,-0.007860064687975647,0.03728963990023776
mod30,7,1024,0.5496135317518891,holdout,8,8,0.016079837328767124,0.045996848485544604
mod30,7,2048,0.604574884927078,train,9,9,-0.011786800464366263,0.05107762131927509
mod30,7,2048,0.604574884927078,holdout,8,8,0.02265710758553864,0.06339548509103132
mod30,7,4096,0.6595362381022669,train,9,9,-0.019085207612456745,0.07475697219304635
mod30,7,4096,0.6595362381022669,holdout,8,8,0.03415603373702422,0.08977193900111351
mod30,7,8192,0.7144975912774558,train,9,9,-0.028575453133476807,0.10827033759912814
mod30,7,8192,0.7144975912774558,holdout,8,8,0.053304376322999024,0.12922197304797334
mod30,8,256,0.4396908254015113,train,9,9,-0.017704778156996587,0.04302348022022789
mod30,8,256,0.4396908254015113,holdout,8,8,-0.00021331058020477786,0.03898693227698795
mod30,8,512,0.4946521785767002,train,9,9,-0.00025181865426872417,0.033351562651802634
mod30,8,512,0.4946521785767002,holdout,8,8,0.015184664852403433,0.04690527283767164
mod30,8,1024,0.5496135317518891,train,9,9,0.0007848173515981759,0.04669969481880209
mod30,8,1024,0.5496135317518891,holdout,8,8,0.02197934503424657,0.0659927992091851
mod30,8,2048,0.604574884927078,train,9,9,0.0012740206657976092,0.06518348913426777
mod30,8,2048,0.604574884927078,holdout,8,8,0.030943515177568527,0.09232342501609841
mod30,8,4096,0.6595362381022669,train,9,9,0.002264753940792008,0.0922537757750596
mod30,8,4096,0.6595362381022669,holdout,8,8,0.04480022707612457,0.1292695380238606
mod30,8,8192,0.7144975912774558,train,9,9,0.004462491625909238,0.12778615108221075
mod30,8,8192,0.7144975912774558,holdout,8,8,0.0655256160581448,0.1877701755686141
mod30,9,256,0.4396908254015113,train,9,9,0.016756731133864236,0.05302206722764846
mod30,9,256,0.4396908254015113,holdout,8,8,0.02775703924914676,0.03758651710250462
mod30,9,512,0.4946521785767002,train,9,9,0.010442080197009306,0.03671581610399264
mod30,9,512,0.4946521785767002,holdout,8,8,0.028291825807089936,0.05246391662977159
mod30,9,1024,0.5496135317518891,train,9,9,0.015399067732115678,0.05218997897883275
mod30,9,1024,0.5496135317518891,holdout,8,8,0.03884845890410959,0.07262946380248132
mod30,9,2048,0.604574884927078,train,9,9,0.022586445843313152,0.07440932387925184
mod30,9,2048,0.604574884927078,holdout,8,8,0.05361960651474988,0.10068020110777634
mod30,9,4096,0.6595362381022669,train,9,9,0.032439446366782004,0.10768277763943836
mod30,9,4096,0.6595362381022669,holdout,8,8,0.0727319420415225,0.13937954572133046
mod30,9,8192,0.7144975912774558,train,9,9,0.04205338392254053,0.15345264699073707
mod30,9,8192,0.7144975912774558,holdout,8,8,0.10500477550391513,0.1901652303564656
