{
  "generatedAt": "2026-06-13T14:09:34.919Z",
  "parameters": {
    "maxN": 32000000,
    "q": 11,
    "ranges": [
      8000000,
      16000000,
      32000000
    ],
    "holdout": [
      16000000,
      32000000
    ],
    "seeds": [
      12345,
      271828,
      314159,
      161803,
      424242
    ]
  },
  "rows": [
    {
      "lo": 1,
      "hi": 8000000,
      "real": {
        "nQr": 269742,
        "nQnr": 270033,
        "meanQr": 1.021042393363338,
        "meanQnr": 0.9798126830295998,
        "diff": 0.04122971033373812,
        "z": 18.328594998006725,
        "residueCounts": {
          "0": 0,
          "1": 53934,
          "2": 54027,
          "3": 53931,
          "4": 54005,
          "5": 53948,
          "6": 54024,
          "7": 53987,
          "8": 53993,
          "9": 53924,
          "10": 54002
        }
      },
      "cramerNull": {
        "n": 5,
        "mean": 0.3556800011343956,
        "meanAbs": 0.8690130615271594,
        "sd": 0.8730740906483212,
        "min": -1.2833326509819096,
        "max": 1.0127104274504422
      },
      "residueMatchedNull": {
        "n": 5,
        "mean": 15.620890314394426,
        "meanAbs": 15.620890314394426,
        "sd": 0.9510012781643489,
        "min": 13.915452891385788,
        "max": 16.634864513079634
      },
      "targetCounts": {
        "0": 0,
        "1": 53935,
        "2": 54027,
        "3": 53931,
        "4": 54005,
        "5": 53948,
        "6": 54024,
        "7": 53987,
        "8": 53993,
        "9": 53924,
        "10": 54002
      }
    },
    {
      "lo": 1,
      "hi": 16000000,
      "real": {
        "nQr": 515540,
        "nQnr": 515588,
        "meanQr": 1.019980149921117,
        "meanQnr": 0.9806174520723727,
        "diff": 0.039362697848744244,
        "z": 24.015158110904686,
        "residueCounts": {
          "0": 0,
          "1": 103015,
          "2": 103154,
          "3": 103181,
          "4": 103106,
          "5": 103130,
          "6": 103181,
          "7": 103107,
          "8": 103013,
          "9": 103108,
          "10": 103133
        }
      },
      "cramerNull": {
        "n": 5,
        "mean": 0.3517808557316366,
        "meanAbs": 0.7923148763598077,
        "sd": 0.9178102583553669,
        "min": -0.8115970691614066,
        "max": 1.5603203314245626
      },
      "residueMatchedNull": {
        "n": 5,
        "mean": 21.235547173554718,
        "meanAbs": 21.235547173554718,
        "sd": 0.9991780295531756,
        "min": 19.611772026022972,
        "max": 22.23863788897062
      },
      "targetCounts": {
        "0": 0,
        "1": 103015,
        "2": 103154,
        "3": 103181,
        "4": 103106,
        "5": 103131,
        "6": 103181,
        "7": 103107,
        "8": 103013,
        "9": 103108,
        "10": 103133
      }
    },
    {
      "lo": 1,
      "hi": 32000000,
      "real": {
        "nQr": 986978,
        "nQnr": 986835,
        "meanQr": 1.0193959960002557,
        "meanQnr": 0.9809496516405639,
        "diff": 0.03844634435969174,
        "z": 32.21483906366003,
        "residueCounts": {
          "0": 0,
          "1": 197453,
          "2": 197392,
          "3": 197404,
          "4": 197363,
          "5": 197459,
          "6": 197277,
          "7": 197434,
          "8": 197320,
          "9": 197299,
          "10": 197412
        }
      },
      "cramerNull": {
        "n": 5,
        "mean": -0.046312698306147204,
        "meanAbs": 0.7857523904589974,
        "sd": 1.0319729691236366,
        "min": -1.052806004149685,
        "max": 1.8485992303821255
      },
      "residueMatchedNull": {
        "n": 5,
        "mean": 28.619727467237936,
        "meanAbs": 28.619727467237936,
        "sd": 1.5548863961370851,
        "min": 26.416919360901755,
        "max": 31.128672203958576
      },
      "targetCounts": {
        "0": 0,
        "1": 197453,
        "2": 197392,
        "3": 197404,
        "4": 197364,
        "5": 197459,
        "6": 197277,
        "7": 197434,
        "8": 197320,
        "9": 197299,
        "10": 197412
      }
    },
    {
      "lo": 16000000,
      "hi": 32000000,
      "real": {
        "nQr": 471437,
        "nQnr": 471247,
        "meanQr": 1.0187506613299298,
        "meanQnr": 0.9813131088318325,
        "diff": 0.037437552498097215,
        "z": 21.507889333600428,
        "residueCounts": {
          "0": 0,
          "1": 94438,
          "2": 94238,
          "3": 94223,
          "4": 94257,
          "5": 94328,
          "6": 94096,
          "7": 94327,
          "8": 94307,
          "9": 94191,
          "10": 94279
        }
      },
      "cramerNull": {
        "n": 5,
        "mean": -0.43100606419633036,
        "meanAbs": 1.2270586247746293,
        "sd": 1.413558777636239,
        "min": -2.6179381487326765,
        "max": 1.0466718936343304
      },
      "residueMatchedNull": {
        "n": 5,
        "mean": 18.467626137056733,
        "meanAbs": 18.467626137056733,
        "sd": 1.1762426885984762,
        "min": 16.61720042466565,
        "max": 20.196869160068907
      },
      "targetCounts": {
        "0": 0,
        "1": 94438,
        "2": 94238,
        "3": 94223,
        "4": 94258,
        "5": 94328,
        "6": 94096,
        "7": 94327,
        "8": 94307,
        "9": 94191,
        "10": 94279
      }
    }
  ]
}