{
  "generatedAt": "2026-06-13T17:01:15.861Z",
  "parameters": {
    "seeds": [
      12345,
      271828,
      314159,
      161803,
      424242
    ],
    "source": "logs/two-universes-artifacts/mobius-gap-leakage.json",
    "null": "seeded cyclic shifts of the scrubbed feature vector inside each homogeneous degree block"
  },
  "groups": [
    {
      "label": "base2",
      "q": 2,
      "blocks": [],
      "classified": []
    },
    {
      "label": "base3",
      "q": 3,
      "survivorIds": [
        "mu_minus_t",
        "mu_minus_t_plus_1",
        "mu_plus_t",
        "mu_plus_1",
        "mu_plus_t_plus_1"
      ],
      "blocks": [
        {
          "degree": 14,
          "real": {
            "mu_minus_t": {
              "n": 289209,
              "r": 0.023867544944081276,
              "z": 12.835525414128291
            },
            "mu_minus_t_plus_1": {
              "n": 270901,
              "r": 0.02187258623191396,
              "z": 11.384276662275562
            },
            "mu_plus_t": {
              "n": 289208,
              "r": 0.005524798910864745,
              "z": 2.971129808071739
            },
            "mu_plus_1": {
              "n": 331973,
              "r": 0.011328792920630099,
              "z": 6.527321737049902
            },
            "mu_plus_t_plus_1": {
              "n": 270900,
              "r": 0.004678036391711659,
              "z": 2.434826940918428
            }
          },
          "cyclic": {
            "mu_minus_t": {
              "n": 5,
              "mean": -0.6739412739901669,
              "meanAbs": 1.2590483934890613,
              "sd": 1.252460960484504,
              "min": -2.169359861696987,
              "max": 1.0810349252844926
            },
            "mu_minus_t_plus_1": {
              "n": 5,
              "mean": 0.014090267818647972,
              "meanAbs": 0.8337795249699214,
              "sd": 0.9001135316884873,
              "min": -1.203795125629048,
              "max": 1.1554382552814473
            },
            "mu_plus_t": {
              "n": 5,
              "mean": -0.1568274388863945,
              "meanAbs": 0.38248857942952075,
              "sd": 0.43033075620562494,
              "min": -0.8328730904342498,
              "max": 0.28696312587225087
            },
            "mu_plus_1": {
              "n": 5,
              "mean": 0.6154690206044442,
              "meanAbs": 0.8074113951405518,
              "sd": 0.6637424806172849,
              "min": -0.4798559363402692,
              "max": 1.4473371722047748
            },
            "mu_plus_t_plus_1": {
              "n": 5,
              "mean": 0.05493666025956834,
              "meanAbs": 0.9652699383273029,
              "sd": 1.0372379748094533,
              "min": -1.1922418483820982,
              "max": 1.4555587583283252
            }
          }
        },
        {
          "degree": 15,
          "real": {
            "mu_minus_t": {
              "n": 819906,
              "r": 0.021661346081057638,
              "z": 19.614058820336698
            },
            "mu_minus_t_plus_1": {
              "n": 772430,
              "r": 0.02188854163216003,
              "z": 19.237400792255706
            },
            "mu_plus_t": {
              "n": 819906,
              "r": 0.00498391736618499,
              "z": 4.512870437979585
            },
            "mu_plus_1": {
              "n": 931020,
              "r": 0.009438203095135418,
              "z": 9.106863428189227
            },
            "mu_plus_t_plus_1": {
              "n": 772430,
              "r": 0.003921059413572325,
              "z": 3.4461405760496144
            }
          },
          "cyclic": {
            "mu_minus_t": {
              "n": 5,
              "mean": 0.9680208264441823,
              "meanAbs": 1.0731939953551304,
              "sd": 0.8296150709996163,
              "min": -0.2629329222773703,
              "max": 2.35028945998896
            },
            "mu_minus_t_plus_1": {
              "n": 5,
              "mean": 0.028470316186324875,
              "meanAbs": 0.33187508270763716,
              "sd": 0.42542539505675514,
              "min": -0.4585599648737626,
              "max": 0.7751191939397799
            },
            "mu_plus_t": {
              "n": 5,
              "mean": 0.13472313320033572,
              "meanAbs": 0.7115483870690336,
              "sd": 0.7689850238100197,
              "min": -1.0992757902573054,
              "max": 1.0713534821974244
            },
            "mu_plus_1": {
              "n": 5,
              "mean": -0.33643860485341454,
              "meanAbs": 1.462987790605728,
              "sd": 1.722756419852874,
              "min": -2.296723095581946,
              "max": 2.2569756367875846
            },
            "mu_plus_t_plus_1": {
              "n": 5,
              "mean": 0.346678136597643,
              "meanAbs": 0.346678136597643,
              "sd": 0.22826192401834236,
              "min": 0.015190987565657338,
              "max": 0.7196344077218418
            }
          }
        },
        {
          "degree": 16,
          "real": {
            "mu_minus_t": {
              "n": 2330338,
              "r": 0.021246439332745167,
              "z": 32.43363433915399
            },
            "mu_minus_t_plus_1": {
              "n": 2203837,
              "r": 0.02053298370887238,
              "z": 30.481883411264104
            },
            "mu_plus_t": {
              "n": 2330337,
              "r": 0.005788878401583855,
              "z": 8.836978379555198
            },
            "mu_plus_1": {
              "n": 2623403,
              "r": 0.006356288204896723,
              "z": 10.295230774239398
            },
            "mu_plus_t_plus_1": {
              "n": 2203836,
              "r": 0.004631756849186501,
              "z": 6.875992414763243
            }
          },
          "cyclic": {
            "mu_minus_t": {
              "n": 5,
              "mean": -0.3867910653944843,
              "meanAbs": 0.5102959869292337,
              "sd": 0.468637464344556,
              "min": -0.9844075252687509,
              "max": 0.3087623038368734
            },
            "mu_minus_t_plus_1": {
              "n": 5,
              "mean": -0.4233039552148076,
              "meanAbs": 0.6959565087095824,
              "sd": 0.7555190443841043,
              "min": -1.5048653126443634,
              "max": 0.6816313837369367
            },
            "mu_plus_t": {
              "n": 5,
              "mean": -0.3611364212235343,
              "meanAbs": 0.5211797635184252,
              "sd": 0.6552382619897159,
              "min": -1.5611886929617582,
              "max": 0.40010835573722725
            },
            "mu_plus_1": {
              "n": 5,
              "mean": 0.14326226172710416,
              "meanAbs": 0.47322688576531374,
              "sd": 0.578678925739006,
              "min": -0.7633209922954508,
              "max": 0.9992696906308788
            },
            "mu_plus_t_plus_1": {
              "n": 5,
              "mean": 0.35835229769464516,
              "meanAbs": 0.49366961076637156,
              "sd": 0.5143279842005981,
              "min": -0.17380356825922513,
              "max": 1.213230155431426
            }
          }
        }
      ],
      "classified": [
        {
          "id": "mu_minus_t",
          "realZ": [
            12.835525414128291,
            19.614058820336698,
            32.43363433915399
          ],
          "realN": [
            289209,
            819906,
            2330338
          ],
          "cyclicMeanAbs": [
            1.2590483934890613,
            1.0731939953551304,
            0.5102959869292337
          ],
          "stableSign": true,
          "sharpens": true,
          "largestPass": true,
          "pass": true,