{
  "generatedAt": "2026-06-13T17:08:04.877Z",
  "parameters": {
    "q": 3,
    "holdoutDegree": 17,
    "seeds": [
      12345,
      271828,
      314159,
      161803,
      424242
    ],
    "source": "logs/two-universes-artifacts/mobius-gap-cyclic.json",
    "exclusions": {
      "plus": "next gap > shift",
      "minus": "previous gap > shift"
    }
  },
  "rows": [
    {
      "id": "mu_minus_t",
      "expectedSign": 1,
      "real": {
        "n": 6641716,
        "r": 0.021814864401351917,
        "z": 56.220236526519614
      },
      "localWheel": {
        "n": 5,
        "mean": -0.12133010182714474,
        "meanAbs": 0.8759863659317191,
        "sd": 1.1081758610411547,
        "min": -2.1510871163642578,
        "max": 1.0587481153027254
      },
      "cyclic": {
        "n": 5,
        "mean": -0.014464195335560847,
        "meanAbs": 0.5738352279877258,
        "sd": 0.7752081745938476,
        "min": -1.430676041651131,
        "max": 0.8799047977906175
      },
      "localRatio": 64.17935108695725,
      "cyclicRatio": 97.97278693339851,
      "pass": true
    },
    {
      "id": "mu_minus_t_plus_1",
      "expectedSign": 1,
      "real": {
        "n": 6305753,
        "r": 0.019960557527064052,
        "z": 50.12347184935308
      },
      "localWheel": {
        "n": 5,
        "mean": 0.33703033534114224,
        "meanAbs": 0.6493330508313548,
        "sd": 0.7419456327895665,
        "min": -0.5147864227389267,
        "max": 1.4935574314016746
      },
      "cyclic": {
        "n": 5,
        "mean": -0.31369216411932993,
        "meanAbs": 0.966588522940636,
        "sd": 1.1848691216965954,
        "min": -2.348287651243299,
        "max": 0.9632081424682868
      },
      "localRatio": 77.1922386904208,
      "cyclicRatio": 51.85605938798371,
      "pass": true
    },
    {
      "id": "mu_plus_1",
      "expectedSign": 1,
      "real": {
        "n": 7418918,
        "r": 0.005750843211450406,
        "z": 15.66396892204766
      },
      "localWheel": {
        "n": 5,
        "mean": 0.20590349854261758,
        "meanAbs": 0.3045182182266809,
        "sd": 0.26736539477749094,
        "min": -0.24653679921015825,
        "max": 0.45031358887167217
      },
      "cyclic": {
        "n": 5,
        "mean": 0.1863468070243534,
        "meanAbs": 0.8316044521074225,
        "sd": 0.9042127449090055,
        "min": -1.1795128475723284,
        "max": 1.313116488302671
      },
      "localRatio": 51.43852808959866,
      "cyclicRatio": 18.83584062393195,
      "pass": true
    },
    {
      "id": "mu_plus_t",
      "expectedSign": 1,
      "real": {
        "n": 6641716,
        "r": 0.004353426852807629,
        "z": 11.219445734926458
      },
      "localWheel": {
        "n": 5,
        "mean": 0.5974678919435649,
        "meanAbs": 0.7357159869561976,
        "sd": 0.8751404135269543,
        "min": -0.17367176861190836,
        "max": 2.078405968608613
      },
      "cyclic": {
        "n": 5,
        "mean": -0.01762342304721869,
        "meanAbs": 0.7799318840752393,
        "sd": 0.8329173447096084,
        "min": -1.1287616604953707,
        "max": 0.9312269706057844
      },
      "localRatio": 15.249696803984813,
      "cyclicRatio": 14.38516101727177,
      "pass": true
    },
    {
      "id": "mu_plus_t_plus_1",
      "expectedSign": 1,
      "real": {
        "n": 6305753,
        "r": 0.003634424007396283,
        "z": 9.126496049839322
      },
      "localWheel": {
        "n": 5,
        "mean": 0.30453435373140464,
        "meanAbs": 1.0061007127741857,
        "sd": 1.1770310241740716,
        "min": -1.6159153829827138,
        "max": 1.5499155536861773
      },
      "cyclic": {
        "n": 5,
        "mean": -0.18403642216576493,
        "meanAbs": 1.0847977630597172,
        "sd": 1.317390188962121,
        "min": -2.3177973842437103,
        "max": 1.518901258953618
      },
      "localRatio": 9.071155535387955,
      "cyclicRatio": 8.413085240974004,
      "pass": true
    }
  ]
}